SeriesInd,group,Var01,Var02,Var03,Var05,Var07
5/6/2011,S01,26.610001,10369300,25.889999,26.200001,26.01
5/7/2011,S01,26.299999,10943800,25.700001,25.950001,25.860001
5/8/2011,S01,26.030001,8933800,25.559999,25.9,25.67
5/9/2011,S01,25.84,10775400,25.360001,25.6,25.75
5/10/2011,S01,26.34,12875600,25.52,25.6,26.34
5/13/2011,S01,26.49,11677000,25.719999,26.34,26
5/14/2011,S01,26.030001,21165300,24.67,26.02,24.91
5/15/2011,S01,25.16,18809200,24.67,25.01,25.02
5/16/2011,S01,25,22908400,24.48,24.889999,24.709999
5/17/2011,S01,24.77,20359100,24.200001,24.68,24.5
5/21/2011,S01,24.780001,11783800,24.35,24.450001,24.719999
5/22/2011,S01,24.610001,13253500,24.200001,24.52,24.549999
5/23/2011,S01,24.879999,18407800,24.01,24.549999,24.18
5/24/2011,S01,24.17,21806400,23,24.1,23.110001
5/27/2011,S01,23.82,20192100,23.200001,23.41,23.690001
5/28/2011,S01,23.9,19646700,23.290001,23.389999,23.35
5/29/2011,S01,23.66,19535100,23.08,23.370001,23.530001
5/30/2011,S01,23.51,20198600,22.690001,23.459999,23.049999
5/31/2011,S01,23.370001,23137300,22.280001,23.110001,22.5
6/3/2011,S01,23.08,13199000,22.559999,22.559999,23.049999
6/4/2011,S01,23.370001,11891100,22.940001,22.969999,23.309999
6/5/2011,S01,23.32,12877300,22.93,23.26,23.200001
6/6/2011,S01,23.01,14643500,22.4,23.01,22.59
6/7/2011,S01,23.129999,23094000,22.5,22.549999,22.969999
6/10/2011,S01,23.370001,16138900,22.700001,23,23.1
6/11/2011,S01,23.66,17494900,23.27,23.33,23.379999
6/12/2011,S01,23.58,12401200,23.139999,23.389999,23.440001
6/13/2011,S01,24,16194800,23.299999,23.43,23.77
6/14/2011,S01,24.27,21796600,23.4,23.540001,24.030001
6/18/2011,S01,24.879999,22856400,24.129999,24.129999,24.790001
6/19/2011,S01,24.969999,19430500,24.299999,24.860001,24.709999
6/20/2011,S01,24.860001,13218600,24.389999,24.65,24.83
6/21/2011,S01,25.059999,15979000,24.59,24.799999,25.01
6/24/2011,S01,25.15,11176800,24.620001,25.02,24.73
6/25/2011,S01,24.719999,12905800,24.059999,24.67,24.299999
6/26/2011,S01,25,14513800,24.48,24.530001,24.75
6/27/2011,S01,24.549999,17886100,24.01,24.209999,24.52
6/28/2011,S01,24.610001,13204600,24.23,24.450001,24.379999
7/1/2011,S01,24.93,14892800,24.469999,24.530001,24.629999
7/2/2011,S01,24.92,16888500,24.25,24.540001,24.48
7/3/2011,S01,24.790001,13012700,24.35,24.57,24.4
7/4/2011,S01,24.75,13538000,24.16,24.459999,24.67
7/5/2011,S01,25.09,10345800,24.610001,24.799999,24.969999
7/8/2011,S01,25.09,22269200,24.549999,25.09,24.690001
7/9/2011,S01,24.49,27986900,23.870001,24.290001,24.190001
7/10/2011,S01,24.68,13878500,24.17,24.190001,24.59
7/11/2011,S01,24.4,23056400,23.799999,24.379999,24.07
7/12/2011,S01,24.24,15073900,23.9,24.1,24
7/15/2011,S01,23.99,9053400,23.700001,23.91,23.940001
7/16/2011,S01,24.75,18282000,23.959999,24.01,24.68
7/17/2011,S01,25,12620400,24.559999,24.559999,24.91
7/18/2011,S01,25,10499500,24.549999,24.889999,24.719999
7/19/2011,S01,24.73,16945400,24.129999,24.360001,24.360001
7/22/2011,S01,24.75,10651200,24.17,24.219999,24.73
7/23/2011,S01,25.48,17937200,24.73,24.799999,25.450001
7/24/2011,S01,25.33,16894900,24.719999,25.309999,24.790001
7/25/2011,S01,25.219999,11306500,24.780001,25.16,24.790001
7/26/2011,S01,25.030001,10138000,24.51,24.91,24.75
7/29/2011,S01,25.07,9217600,24.620001,24.860001,24.73
7/30/2011,S01,24.889999,11074400,24.5,24.73,24.610001
7/31/2011,S01,24.77,9899700,24.379999,24.58,24.469999
8/1/2011,S01,25,9057000,24.440001,24.639999,24.629999
8/5/2011,S01,25.5,14225500,24.66,24.73,25.389999
8/6/2011,S01,25.299999,10626400,24.93,25.24,25.049999
8/7/2011,S01,25.4,13333000,24.889999,25.110001,25.32
8/8/2011,S01,25.32,16002500,24.719999,25.120001,24.719999
8/9/2011,S01,24.969999,13451500,24.620001,24.870001,24.940001
8/12/2011,S01,25.98,18574600,25.24,25.26,25.690001
8/13/2011,S01,26,11606700,25.58,25.629999,25.870001
8/14/2011,S01,26.91,20317400,26.379999,26.41,26.9
8/15/2011,S01,27,11570500,26.6,26.870001,26.99
8/16/2011,S01,26.809999,14772100,26.35,26.73,26.58
8/19/2011,S01,26.68,13289700,25.91,26.469999,26.43
8/20/2011,S01,26.84,11003900,26.4,26.6,26.65
8/21/2011,S01,26.9,10479800,26.059999,26.74,26.42
8/22/2011,S01,26.6,17497200,25.4,25.950001,26.5
8/23/2011,S01,26.75,14470700,26.030001,26.469999,26.67
8/26/2011,S01,27.35,21070400,26.790001,26.860001,27.16
8/27/2011,S01,27.440001,37647800,26.41,26.799999,26.540001
8/28/2011,S01,26.76,17187200,26.09,26.75,26.4
8/29/2011,S01,27.049999,15133100,26.360001,26.639999,27.01
8/30/2011,S01,26.950001,18069000,26.01,26.91,26.01
9/2/2011,S01,26.719999,12975600,26.1,26.23,26.450001
9/3/2011,S01,26.219999,21086300,25.440001,26.18,25.74
9/4/2011,S01,26.18,21484600,25.190001,25.530001,25.870001
9/5/2011,S01,26.120001,27373200,23.49,25.780001,25.07
9/6/2011,S01,25.27,26491900,23.959999,24.91,24.74
9/9/2011,S01,26,17622700,25.450001,25.68,25.82
9/10/2011,S01,26.15,15890100,25.25,25.5,25.65
9/11/2011,S01,26.15,12698500,25.67,25.809999,26.1
9/12/2011,S01,26.09,13313600,25.41,25.98,25.49
9/13/2011,S01,25.360001,18323300,24.5,25.27,24.879999
9/16/2011,S01,25.5,16456000,24.66,24.950001,25.42
9/17/2011,S01,25.66,25045000,24.389999,25.6,24.540001
9/18/2011,S01,24.870001,19404600,24.1,24.43,24.65
9/19/2011,S01,24.700001,24563200,23.9,24.139999,24.26
9/20/2011,S01,24.84,19264900,23.6,23.889999,24.57
9/23/2011,S01,24.6,12654300,24.15,24.450001,24.24
9/24/2011,S01,24.440001,20761600,23.450001,23.620001,24.4
9/25/2011,S01,24.82,17978000,24.040001,24.540001,24.139999
9/26/2011,S01,24.870001,14974200,24.459999,24.51,24.85
9/27/2011,S01,24.9,14589500,24.200001,24.77,24.42
10/1/2011,S01,24.860001,15099700,24.27,24.280001,24.35
10/2/2011,S01,24.780001,12846000,24.24,24.52,24.76
10/3/2011,S01,25.18,12150800,24.65,24.809999,25.040001
10/4/2011,S01,24.950001,14542600,24.07,24.66,24.18
10/7/2011,S01,24.559999,16883500,23.610001,24.32,23.67
10/8/2011,S01,24,19113300,23.09,23.99,23.879999
10/9/2011,S01,24.540001,19882500,23.639999,24.299999,23.74
10/10/2011,S01,24.57,17308800,24.040001,24.200001,24.530001
10/11/2011,S01,24.59,13942700,24.15,24.27,24.450001
10/14/2011,S01,24.889999,14604200,24.51,24.74,24.57
10/15/2011,S01,25.76,17740500,24.530001,24.75,25.700001
10/16/2011,S01,25.6,19305300,25.1,25.33,25.42
10/17/2011,S01,25.690001,10056300,25.209999,25.690001,25.530001
10/18/2011,S01,25.690001,12038300,25.27,25.51,25.450001
10/21/2011,S01,25.85,11123000,25.110001,25.76,25.25
10/22/2011,S01,25.58,11927500,24.690001,25.34,24.75
10/23/2011,S01,25.1,11448400,24.469999,24.879999,24.780001
10/24/2011,S01,24.75,14724700,24.17,24.6,24.280001
10/25/2011,S01,24.43,26127200,23.860001,24.219999,24.040001
10/28/2011,S01,24.5,11670500,24.02,24.16,24.360001
10/29/2011,S01,24.09,19408500,23.68,24.049999,23.889999
10/30/2011,S01,24.07,17478500,23.16,24.01,23.280001
10/31/2011,S01,23.469999,16440000,22.65,23.209999,23.17
11/1/2011,S01,23.389999,11337000,22.709999,23.299999,23.110001
11/5/2011,S01,23.540001,13470200,22.940001,23.370001,23.120001
11/6/2011,S01,24.27,16852400,23.15,23.200001,24.25
11/7/2011,S01,24.469999,10670900,23.860001,24.42,24.219999
11/8/2011,S01,24.51,7698500,24.17,24.379999,24.48
11/11/2011,S01,24.799999,9822500,24.360001,24.360001,24.75
11/12/2011,S01,25.540001,15212100,24.950001,25.08,25.389999
11/13/2011,S01,25.799999,17591100,24.959999,25.58,25.09
11/14/2011,S01,25.450001,14120800,24.75,25.07,25.4
11/15/2011,S01,25.43,12003700,24.73,25.200001,24.77
11/18/2011,S01,25.58,15506000,24.870001,24.870001,25.549999
11/19/2011,S01,24.889999,30930000,24.01,24.16,24.77
11/20/2011,S01,24.92,15249900,24.4,24.77,24.5
11/21/2011,S01,25.42,15635900,24.65,24.67,25.290001
11/22/2011,S01,25.459999,12517200,25,25.25,25.379999
11/25/2011,S01,25.66,9569100,25.09,25.280001,25.66
11/26/2011,S01,25.92,13152100,25.469999,25.790001,25.58
11/27/2011,S01,25.620001,11958100,25.1,25.42,25.219999
11/28/2011,S01,25.4,12190000,24.639999,25.35,24.879999
11/29/2011,S01,24.879999,13150900,24.25,24.59,24.690001
12/2/2011,S01,25.23,9116900,24.41,24.65,25.110001
12/3/2011,S01,25.1,9204100,24.700001,25.07,24.809999
12/4/2011,S01,25.25,10671300,24.620001,24.82,25.18
12/5/2011,S01,25.530001,13410400,24.9,25.07,25.4
12/6/2011,S01,25.6,12003500,25.059999,25.200001,25.459999
12/9/2011,S01,25.85,8919100,25.35,25.549999,25.700001
12/10/2011,S01,25.540001,15417300,24.969999,25.379999,25.35
12/11/2011,S01,25.139999,12745300,24.860001,25.01,24.969999
12/12/2011,S01,24.969999,18134400,24.219999,24.299999,24.41
12/13/2011,S01,24.690001,9836200,24.24,24.360001,24.280001
12/16/2011,S01,24.59,10180900,24.030001,24.18,24.530001
12/17/2011,S01,24.870001,9929400,24.65,24.790001,24.700001
12/18/2011,S01,25.139999,10860600,24.540001,24.75,24.91
12/19/2011,S01,25.049999,9449500,24.450001,24.85,24.530001
12/20/2011,S01,24.870001,12589100,24.440001,24.440001,24.700001
12/23/2011,S01,24.860001,12780000,24.360001,24.76,24.370001
12/24/2011,S01,24.58,14861700,24.030001,24.120001,24.27
12/25/2011,S01,24.41,14788700,23.860001,24.07,24.309999
12/26/2011,S01,24.34,15337500,23.75,24.309999,23.83
12/27/2011,S01,24.219999,17892700,23.34,23.940001,24.15
12/30/2011,S01,23.9,19672200,23.25,23.77,23.25
12/31/2011,S01,23.59,17039700,22.950001,23.209999,23.02
1/1/2012,S01,23.860001,13779500,23.16,23.360001,23.75
1/2/2012,S01,24.120001,10832200,23.709999,23.76,24.040001
1/3/2012,S01,24.49,11599200,23.940001,24.27,24.33
1/7/2012,S01,24.120001,11004700,23.549999,24.07,23.620001
1/8/2012,S01,23.77,12763600,23.35,23.610001,23.68
1/9/2012,S01,24.16,13149200,23.709999,23.93,23.84
1/10/2012,S01,23.889999,17328700,23.26,23.57,23.700001
1/13/2012,S01,24.49,12710300,23.98,24.01,24.459999
1/14/2012,S01,24.93,14274900,24.110001,24.370001,24.690001
1/15/2012,S01,24.709999,11457300,24.26,24.5,24.67
1/16/2012,S01,24.99,12517500,24.450001,24.700001,24.98
1/17/2012,S01,25.85,25212100,25.24,25.59,25.719999
1/20/2012,S01,25.93,16572300,25.219999,25.700001,25.860001
1/21/2012,S01,26.08,15808400,25.610001,25.879999,25.799999
1/22/2012,S01,25.969999,10210100,25.32,25.610001,25.440001
1/23/2012,S01,26.25,13297600,25.120001,25.360001,25.77
1/24/2012,S01,26.940001,14901500,26.08,26.08,26.93
1/27/2012,S01,27,9673700,26.66,26.85,26.68
1/28/2012,S01,27.17,12484500,26.440001,26.639999,27.059999
1/29/2012,S01,27.08,12016400,26.719999,26.91,26.84
1/30/2012,S01,27.4,19052400,26.74,26.889999,27.139999
1/31/2012,S01,27.610001,12156000,26.92,27.309999,27.25
2/3/2012,S01,27.58,15091800,27.01,27.200001,27.209999
2/4/2012,S01,28.5,23034400,27.41,27.440001,28.33
2/5/2012,S01,28.559999,18289700,27.860001,28.23,28.309999
2/6/2012,S01,28.4,16897300,27.860001,28.379999,28.139999
2/7/2012,S01,28.860001,16244800,27.799999,28.120001,28.73
2/10/2012,S01,28.98,11592500,28.6,28.76,28.77
2/11/2012,S01,28.85,14847700,28.33,28.620001,28.68
2/12/2012,S01,28.450001,20238400,28.030001,28.35,28.120001
2/13/2012,S01,28.540001,13072100,27.93,28.17,28.309999
2/14/2012,S01,28.809999,13427500,28.23,28.49,28.719999
2/17/2012,S01,28.709999,11535100,28.040001,28.639999,28.360001
2/18/2012,S01,28.52,13135700,27.530001,27.950001,28.030001
2/19/2012,S01,28.24,14047900,27.77,28.23,28.09
2/20/2012,S01,28.309999,10824000,27.92,28.25,28.219999
2/21/2012,S01,28.709999,9318700,28.17,28.209999,28.66
2/24/2012,S01,29.190001,15464900,28.82,28.9,28.98
2/25/2012,S01,28.91,17814300,28.299999,28.709999,28.879999
2/26/2012,S01,29.48,16822600,28.52,28.639999,29.440001
2/27/2012,S01,29.43,14399700,28.99,29.26,29.24
2/28/2012,S01,29.75,15745700,29.049999,29.17,29.57
3/2/2012,S01,29.84,12181700,29.16,29.77,29.440001
3/3/2012,S01,29.9,10739400,29.559999,29.74,29.6
3/4/2012,S01,30,13185500,29.52,29.68,30
3/5/2012,S01,30.790001,15003400,29.950001,30.07,30.75
3/6/2012,S01,31.469999,17664000,30.700001,30.780001,31.469999
3/9/2012,S01,31.469999,13242600,31.16,31.26,31.379999
3/10/2012,S01,31.59,13105600,31.190001,31.5,31.34
3/11/2012,S01,31.43,11578800,30.76,31.33,31.34
3/12/2012,S01,30.93,14662700,29.9,30.15,30.799999
3/13/2012,S01,31.379999,16420400,30.57,30.77,30.950001
3/16/2012,S01,31.209999,8417600,30.83,30.969999,30.85
3/17/2012,S01,30.85,13728300,30.370001,30.450001,30.57
3/18/2012,S01,31.049999,10932400,30.34,30.4,30.91
3/19/2012,S01,31.51,13157600,31.09,31.190001,31.48
3/20/2012,S01,31.950001,12181200,31.459999,31.51,31.940001
3/23/2012,S01,32.259998,12183000,31.719999,31.85,32.240002
3/24/2012,S01,32.220001,11933600,31.85,31.91,31.98
3/25/2012,S01,32.560001,11777700,32.040001,32.099998,32.549999
3/27/2012,S01,32.509998,2946000,32.200001,32.259998,32.200001
3/30/2012,S01,32.330002,9011300,31.83,31.83,32.200001
3/31/2012,S01,32.009998,12156400,31.639999,31.92,31.799999
4/1/2012,S01,32.939999,16463900,32.349998,32.419998,32.580002
4/2/2012,S01,32.860001,10807100,32.540001,32.580002,32.849998
4/3/2012,S01,32.98,13443800,32.509998,32.700001,32.82
4/6/2012,S01,33.009998,13383300,32.619999,32.93,32.950001
4/7/2012,S01,33.639999,19578000,33.139999,33.240002,33.41
4/8/2012,S01,33.75,14122100,33.009998,33.049999,33.75
4/9/2012,S01,33.93,9768500,33.57,33.880001,33.740002
4/10/2012,S01,33.740002,15516400,32.709999,33.650002,32.799999
4/13/2012,S01,33,10247000,32.59,32.91,32.599998
4/14/2012,S01,32.860001,9316700,32.549999,32.720001,32.799999
4/15/2012,S01,32.939999,7849900,32.509998,32.790001,32.639999
4/16/2012,S01,32.77,11000800,32.150002,32.669998,32.619999
4/17/2012,S01,32.990002,15308500,32.48,32.560001,32.529999
4/20/2012,S01,32.689999,7542700,32.209999,32.650002,32.330002
4/21/2012,S01,32.68,4770200,32.380001,32.52,32.439999
4/22/2012,S01,32.540001,5181000,32.130001,32.310001,32.470001
4/23/2012,S01,32.5,3476100,32.130001,32.450001,32.360001
4/27/2012,S01,32.439999,2668500,32,32.220001,32.380001
4/28/2012,S01,32.509998,3209100,32.07,32.509998,32.240002
4/29/2012,S01,32.599998,3932500,32.139999,32.360001,32.509998
4/30/2012,S01,32.610001,3715800,32.25,32.459999,32.5
5/1/2012,S01,32.630001,3312700,32.330002,32.5,32.5
5/4/2012,S01,32.990002,7092500,32.32,32.689999,32.73
5/5/2012,S01,32.830002,7914000,32.25,32.66,32.669998
5/6/2012,S01,32.860001,8129000,32.25,32.57,32.799999
5/7/2012,S01,33.34,7386900,32.73,32.82,33.25
5/8/2012,S01,33.470001,7311300,32.869999,33.32,33.220001
5/11/2012,S01,33.5,7539900,32.939999,32.990002,33.380001
5/12/2012,S01,33.68,7132400,33.299999,33.450001,33.5
5/13/2012,S01,33.790001,6076400,33.349998,33.700001,33.66
5/14/2012,S01,33.52,6322700,33.049999,33.360001,33.48
5/15/2012,S01,34.049999,9007000,33.43,33.57,34.040001
5/19/2012,S01,34.860001,12052600,33.959999,33.959999,34.849998
5/20/2012,S01,34.700001,8340800,34.07,34.279999,34.16
5/21/2012,S01,34.189999,8664800,33.549999,34.029999,33.91
5/22/2012,S01,34.490002,9172000,33.91,34.400002,33.91
5/25/2012,S01,34.650002,10857200,33.869999,34.080002,34.650002
5/26/2012,S01,34.799999,13185000,33.689999,34.299999,33.98
5/27/2012,S01,34.41,7400100,33.669998,34.09,34.32
5/28/2012,S01,34.84,8342800,34.049999,34.099998,34.630001
5/29/2012,S01,34.869999,10601600,34.02,34.580002,34.27
6/1/2012,S01,34.27,10917600,33.790001,34.02,33.91
6/2/2012,S01,35,11582700,34.130001,34.189999,35
6/3/2012,S01,35.290001,8260800,34.799999,34.799999,35.119999
6/4/2012,S01,35.209999,5733900,34.700001,35.080002,34.990002
6/5/2012,S01,35.540001,7638900,35.099998,35.150002,35.439999
6/8/2012,S01,35.84,11631600,35.130001,35.509998,35.259998
6/9/2012,S01,35.43,7368100,35.049999,35.330002,35.279999
6/10/2012,S01,35.27,7180900,34.959999,35.080002,35.099998
6/11/2012,S01,35.240002,8146700,34.75,34.900002,35.189999
6/12/2012,S01,35.799999,7664900,35.040001,35.169998,35.619999
6/15/2012,S01,35.959999,6127800,35.470001,35.57,35.830002
6/16/2012,S01,36.07,9430000,35.43,35.709999,35.970001
6/17/2012,S01,36.299999,10480600,35.849998,36.049999,36.049999
6/18/2012,S01,36.48,7274200,35.900002,35.990002,36.48
6/19/2012,S01,36.549999,8413700,36.150002,36.41,36.23
6/23/2012,S01,36.23,11659200,35.5,35.790001,35.75
6/24/2012,S01,35.810001,10972000,34.889999,35.810001,35.400002
6/25/2012,S01,35.810001,11297100,34.93,35.490002,35.43
6/26/2012,S01,35.799999,9369200,35.400002,35.57,35.619999
6/29/2012,S01,35.919998,13051500,35.080002,35.799999,35.610001
6/30/2012,S01,35.880001,11102500,34.939999,35.810001,35
7/1/2012,S01,36.549999,17687100,35.310001,35.360001,36.139999
7/2/2012,S01,36.709999,12224500,36.119999,36.27,36.560001
7/3/2012,S01,36.540001,10161000,36.02,36.529999,36.27
7/6/2012,S01,36.59,15939500,35.16,36.400002,35.48
7/7/2012,S01,35.990002,8853200,35.25,35.650002,35.860001
7/8/2012,S01,35.439999,12583300,34.43,35.299999,34.740002
7/9/2012,S01,34.689999,13036000,34.029999,34.349998,34.25
7/10/2012,S01,34.939999,13817500,34.02,34.07,34.389999
7/13/2012,S01,34.740002,10121300,34.279999,34.400002,34.560001
7/14/2012,S01,34.119999,17387700,32.75,33.400002,33.900002
7/15/2012,S01,33.799999,23147200,32.330002,33.790001,32.790001
7/16/2012,S01,33.490002,12766300,32.860001,33.130001,33.07
7/17/2012,S01,33.59,10883300,33.099998,33.439999,33.360001
7/20/2012,S01,34.119999,7150200,33.41,33.52,33.68
7/21/2012,S01,33.939999,5988400,33.450001,33.779999,33.639999
7/22/2012,S01,34.27,8396900,33.48,33.700001,34.209999
7/23/2012,S01,34.939999,9211000,34.23,34.450001,34.860001
7/24/2012,S01,34.939999,4980200,34.619999,34.759998,34.639999
7/27/2012,S01,34.950001,6139600,34.41,34.610001,34.490002
7/28/2012,S01,34.959999,6827800,34.009998,34.169998,34.959999
7/29/2012,S01,35.240002,9258200,34.43,35.09,34.740002
7/30/2012,S01,34.860001,6210400,34.380001,34.720001,34.560001
7/31/2012,S01,34.93,8913400,34.119999,34.93,34.23
8/3/2012,S01,34.470001,10518900,33.630001,34.34,34.110001
8/4/2012,S01,35.080002,29932700,33.110001,33.200001,34.689999
8/5/2012,S01,34.91,11919300,34.330002,34.790001,34.860001
8/6/2012,S01,35.25,13601600,34.560001,34.860001,35.240002
8/7/2012,S01,35.43,9394900,34.990002,35.279999,35.169998
8/10/2012,S01,35.360001,9890800,34.810001,35.119999,34.93
8/11/2012,S01,34.720001,18326800,33.93,34.700001,34.139999
8/12/2012,S01,34.369999,11376800,33.880001,34.220001,34.34
8/13/2012,S01,34.799999,9662400,33.959999,34.150002,34.709999
8/14/2012,S01,35.040001,12136500,34.490002,34.669998,34.990002
8/17/2012,S01,35.07,17041000,34.540001,34.669998,34.790001
8/18/2012,S01,34.919998,18789800,34.200001,34.419998,34.540001
8/19/2012,S01,35.279999,12237100,34.77,34.950001,35.130001
8/20/2012,S01,35.669998,11094100,35.23,35.25,35.52
8/24/2012,S01,35.610001,5778000,35.259998,35.52,35.419998
8/25/2012,S01,35.779999,13900000,35.200001,35.330002,35.740002
8/26/2012,S01,35.98,10311600,35.330002,35.450001,35.900002
8/27/2012,S01,35.849998,10224400,35.389999,35.75,35.549999
8/28/2012,S01,35.790001,5916400,35.419998,35.48,35.529999
8/31/2012,S01,35.66,10262200,34.939999,35.610001,35.009998
9/1/2012,S01,35.080002,8558900,34.509998,35.02,34.799999
9/2/2012,S01,35.040001,8118100,34.470001,34.779999,34.82
9/3/2012,S01,35.560001,9879900,34.59,34.709999,35.02
9/4/2012,S01,35.619999,8870100,35.150002,35.41,35.23
9/7/2012,S01,35.599998,7274500,35.150002,35.189999,35.34
9/8/2012,S01,35.630001,6327000,35.240002,35.490002,35.459999
9/9/2012,S01,35.59,7755300,34.759998,35.439999,34.900002
9/10/2012,S01,35.439999,7941500,34.630001,34.82,35.330002
9/11/2012,S01,35.57,8390400,35.150002,35.290001,35.18
9/14/2012,S01,35.529999,6690100,34.84,35.16,34.91
9/15/2012,S01,34.830002,10541300,33.919998,34.830002,34.439999
9/16/2012,S01,35.27,8255100,34.5,34.5,35.18
9/17/2012,S01,35.209999,6899500,34.580002,35.200001,34.970001
9/18/2012,S01,35.189999,7365200,34.689999,34.889999,35
9/21/2012,S01,34.599998,8218300,34.25,34.599998,34.25
9/22/2012,S01,34.34,8304600,33.869999,34.330002,34.080002
9/23/2012,S01,34.509998,6798600,33.900002,33.98,34.279999
9/24/2012,S01,34.360001,7301400,34,34.189999,34.32
9/25/2012,S01,34.759998,5142900,34.439999,34.439999,34.720001
9/29/2012,S01,35.299999,8640100,34.810001,34.810001,35.299999
9/30/2012,S01,35.16,8774200,33.939999,35.119999,33.950001
10/1/2012,S01,34.369999,7588700,33.900002,34.009998,34.240002
10/2/2012,S01,34.080002,7389700,33.470001,33.790001,33.5
10/5/2012,S01,33.669998,7807300,33.279999,33.509998,33.32
10/6/2012,S01,33.68,8540200,33.200001,33.439999,33.27
10/7/2012,S01,33.169998,13622300,32.580002,33.16,32.669998
10/8/2012,S01,33.27,13681200,32.41,32.77,32.91
10/9/2012,S01,32.810001,9875600,31.940001,32.689999,32.150002
10/12/2012,S01,32.400002,10270800,31.68,32.259998,31.74
10/13/2012,S01,32.52,8279100,32.040001,32.080002,32.330002
10/14/2012,S01,32.200001,11576500,31.5,31.83,31.59
10/15/2012,S01,31.719999,9336700,31.16,31.620001,31.32
10/16/2012,S01,31.65,10739100,30.959999,31.58,31.24
10/19/2012,S01,31.4,9324900,31.1,31.110001,31.280001
10/20/2012,S01,32.119999,7883600,31.200001,31.360001,32.029999
10/21/2012,S01,32.110001,7014800,31.74,31.940001,31.74
10/22/2012,S01,32.18,12057200,31.26,31.389999,32.119999
10/23/2012,S01,32.110001,13362400,31.440001,32.09,31.530001
10/26/2012,S01,31.91,10247100,31.209999,31.639999,31.74
10/27/2012,S01,31.99,9212900,31.57,31.82,31.98
10/28/2012,S01,32.099998,9302900,31.57,32.009998,31.879999
10/29/2012,S01,32.880001,11609100,31.950001,31.950001,32.830002
10/30/2012,S01,33.66,9562700,32.709999,32.990002,33.52
11/3/2012,S01,33.5,9269800,32.810001,33.400002,32.919998
11/4/2012,S01,33.189999,8892100,32.639999,32.810001,32.849998
11/5/2012,S01,33.599998,10338100,32.93,33.07,33.459999
11/6/2012,S01,33.27,8422200,32.459999,33.009998,32.880001
11/9/2012,S01,33,7093600,32.32,32.549999,32.439999
11/10/2012,S01,31.799999,26187100,30.610001,31.33,31.25
11/11/2012,S01,31.59,12708900,30.84,31.5,31
11/12/2012,S01,31.49,11017200,30.620001,31.16,30.719999
11/13/2012,S01,30.969999,9349800,30.440001,30.92,30.82
11/16/2012,S01,30.870001,9592800,30.17,30.73,30.48
11/17/2012,S01,31.51,11095800,30.799999,30.889999,31.42
11/18/2012,S01,31.620001,8028600,31.049999,31.610001,31.219999
11/19/2012,S01,31.799999,11624400,30.76,31.290001,31.610001
11/20/2012,S01,31.940001,9893200,31.27,31.299999,31.780001
11/23/2012,S01,31.68,11566300,31.27,31.34,31.469999
11/24/2012,S01,32.02,11919400,31.469999,31.5,31.57
11/25/2012,S01,31.190001,13121000,30.25,31.190001,30.389999
11/26/2012,S01,30.700001,9898800,30.110001,30.34,30.120001
11/27/2012,S01,30.17,13036900,29.68,29.82,29.75
11/30/2012,S01,30.139999,13751200,29.370001,29.98,29.889999
12/1/2012,S01,29.77,13498600,29.1,29.43,29.1
12/2/2012,S01,29.42,13077500,28.620001,28.950001,29.299999
12/3/2012,S01,29.09,17343200,27.92,28.82,27.92
12/4/2012,S01,28.389999,31502600,26.49,28.16,27.190001
12/7/2012,S01,26.98,25663400,25.959999,26.360001,26.190001
12/8/2012,S01,27.139999,23017700,25.459999,26.52,27.09
12/9/2012,S01,27.190001,28457800,25.98,26.540001,26.5
12/10/2012,S01,27.610001,20370500,26.389999,26.610001,27.299999
12/11/2012,S01,27.799999,11555500,27.07,27.780001,27.18
12/14/2012,S01,27.58,7839100,27.190001,27.34,27.49
12/15/2012,S01,27.27,10995500,26.690001,27.17,26.93
12/16/2012,S01,27.5,9162100,26.559999,26.700001,26.93
12/17/2012,S01,26.219999,18962600,25.190001,26.049999,25.389999
12/18/2012,S01,25.799999,14538600,24.790001,25.16,24.82
12/21/2012,S01,25.559999,9588100,25.07,25.299999,25.16
12/22/2012,S01,26.24,13844400,25,25.309999,26.24
12/23/2012,S01,26.299999,11949500,25.780001,26.23,26.110001
12/24/2012,S01,26.16,12546000,25.280001,26.08,25.309999
12/25/2012,S01,25.73,15462500,24.690001,25.17,25.52
12/28/2012,S01,26.17,9048600,25.690001,25.780001,26.16
12/29/2012,S01,26.33,7300000,25.73,26.1,26.200001
12/30/2012,S01,26.610001,9876300,26.01,26.309999,26.209999
12/31/2012,S01,26.33,15109700,25.549999,26.23,25.57
1/1/2013,S01,25.35,8404900,25.01,25.190001,25.08
1/5/2013,S01,24.959999,11354200,24.34,24.35,24.91
1/6/2013,S01,25.99,12871000,25.459999,25.459999,25.889999
1/7/2013,S01,26.41,13739700,25.65,25.68,25.799999
1/8/2013,S01,26.49,23446100,25.49,25.49,26.08
1/11/2013,S01,26.5,16605700,25.6,25.9,26.280001
1/12/2013,S01,26.73,12052700,26.290001,26.35,26.65
1/13/2013,S01,27.620001,18588600,26.719999,26.780001,27.27
1/14/2013,S01,27.83,14892000,27.4,27.719999,27.709999
1/15/2013,S01,28.16,12759400,27.65,28,27.82
1/18/2013,S01,27.809999,11942000,27.35,27.639999,27.700001
1/19/2013,S01,28.24,11149200,27.43,27.84,27.540001
1/20/2013,S01,27.91,12155600,26.85,27.620001,26.879999
1/21/2013,S01,26.52,14769700,25.780001,26.139999,26.23
1/22/2013,S01,27.25,17627300,26.16,26.35,27.219999
1/25/2013,S01,27.440001,15797300,26.629999,27.309999,27.4
1/26/2013,S01,28.34,13922300,27.74,28.02,28.030001
1/27/2013,S01,28.15,13501300,27.299999,28.139999,27.33
1/28/2013,S01,27.969999,10490600,26.75,27.75,27.190001
1/29/2013,S01,27.32,11801600,26.639999,26.889999,26.65
2/1/2013,S01,27.290001,20014800,26.4,26.889999,26.459999
2/2/2013,S01,27.290001,19500000,26.08,26.16,27.25
2/3/2013,S01,28.24,14356900,27.01,27.309999,28.200001
2/4/2013,S01,28.370001,17399400,27.719999,27.82,28.32
2/5/2013,S01,29.200001,17818200,28.209999,28.48,28.950001
2/8/2013,S01,30.15,15206000,29.26,29.309999,29.809999
2/9/2013,S01,29.9,9499200,29.440001,29.58,29.620001
2/10/2013,S01,30.23,11651200,29.690001,29.879999,29.700001
2/11/2013,S01,30.629999,14573200,29.389999,29.41,30.4
2/12/2013,S01,30.98,16026000,30.35,30.59,30.93
2/15/2013,S01,30.889999,12213500,30.110001,30.74,30.209999
2/16/2013,S01,31,12008100,29.92,30.42,30.889999
2/17/2013,S01,30.860001,11689900,30.200001,30.5,30.25
2/18/2013,S01,30.35,13876900,29.42,30.27,29.950001
2/19/2013,S01,31.25,14435800,30.16,30.299999,30.459999
2/22/2013,S01,31.709999,15743800,30.629999,30.629999,31.690001
2/23/2013,S01,31.66,21694200,30.82,31.049999,30.969999
2/24/2013,S01,31.309999,14127800,30.379999,31.290001,31
2/25/2013,S01,32,12756600,31.309999,31.74,31.82
2/26/2013,S01,31.879999,9854200,31.16,31.67,31.5
3/1/2013,S01,31.280001,8254300,30.709999,31.1,30.73
3/2/2013,S01,30.26,12316000,29.639999,29.85,29.860001
3/3/2013,S01,30.370001,7825700,29.870001,30.299999,30.059999
3/4/2013,S01,31.18,12362900,30.059999,30.48,31.120001
3/5/2013,S01,31.950001,18602100,30.870001,30.9,31.790001
3/8/2013,S01,31.76,7031900,31.120001,31.67,31.530001
3/9/2013,S01,31.93,11850200,31.16,31.719999,31.549999
3/10/2013,S01,31,10254000,30.26,30.85,30.309999
3/11/2013,S01,30.91,8994100,30.17,30.540001,30.610001
3/12/2013,S01,31.68,7419400,30.950001,30.99,31.5
3/15/2013,S01,31.719999,9040400,31.01,31.35,31.16
3/16/2013,S01,31.51,10368600,30.98,31.049999,31.15
3/17/2013,S01,32.09,22256700,30.799999,30.879999,31.459999
3/18/2013,S01,31.49,13049200,30.110001,31.27,30.389999
3/19/2013,S01,30.57,12282400,30.030001,30.440001,30.049999
3/22/2013,S01,29.85,10792100,28.940001,29.77,29.219999
3/23/2013,S01,29.24,16233300,28.48,29.219999,28.690001
3/24/2013,S01,28.459999,10462000,27.91,28.440001,27.940001
3/26/2013,S01,28.209999,3502700,27.790001,28.1,27.790001
3/29/2013,S01,29.1,9861100,28.41,28.65,28.700001
3/30/2013,S01,29.25,7822100,28.610001,28.84,28.639999
3/31/2013,S01,30.139999,13023400,29.290001,29.379999,30.1
4/1/2013,S01,30.389999,10578900,29.879999,29.889999,30.209999
4/2/2013,S01,30.530001,7346600,29.92,30.389999,29.969999
4/5/2013,S01,30.67,8738100,30.049999,30.32,30.23
4/6/2013,S01,30.540001,8930700,30.1,30.42,30.42
4/7/2013,S01,30.940001,12100000,30,30.280001,30.67
4/8/2013,S01,31.030001,11444800,29.83,30.469999,29.92
4/9/2013,S01,30.02,25529300,28.5,28.5,29.940001
4/12/2013,S01,29.629999,13771600,28.860001,29.540001,29.129999
4/13/2013,S01,29.5,10965400,28.32,29.35,28.41
4/14/2013,S01,28.73,9297600,27.940001,28.33,28.040001
4/15/2013,S01,28.58,10480000,28.200001,28.26,28.51
4/16/2013,S01,29.1,12977200,28.51,28.940001,28.690001
4/19/2013,S01,28.780001,7476100,27.9,28.77,27.950001
4/20/2013,S01,29.49,14606400,28.35,28.35,29.389999
4/21/2013,S01,29.43,12816000,28.35,29.27,28.559999
4/22/2013,S01,29.6,8592600,28.66,28.67,29.5
4/23/2013,S01,29.790001,3896300,29.360001,29.719999,29.73
4/27/2013,S01,29.799999,3630400,29.42,29.540001,29.629999
4/28/2013,S01,29.629999,3759300,29.040001,29.620001,29.07
4/29/2013,S01,29.360001,3496800,28.98,29.110001,29.34
4/30/2013,S01,29.440001,3809800,29.1,29.27,29.110001
5/4/2013,S01,29.940001,7226200,29.5,29.6,29.76
5/5/2013,S01,29.75,5837400,29.24,29.540001,29.57
5/6/2013,S01,29.9,6568700,29.440001,29.440001,29.780001
5/7/2013,S01,29.780001,6052800,29.459999,29.610001,29.780001
5/10/2013,S01,30.27,8040700,29.700001,29.719999,30.16
5/11/2013,S01,30.690001,10151400,30.059999,30.25,30.67
5/12/2013,S01,30.780001,6446000,30.290001,30.52,30.73
5/13/2013,S01,31.440001,8783200,30.639999,30.790001,31.370001
5/14/2013,S01,31.360001,8155900,30.809999,31.110001,30.950001
5/18/2013,S01,31.379999,5753900,31,31.34,31.07
5/19/2013,S01,33.830002,27363300,31.959999,31.969999,33.720001
5/20/2013,S01,34.099998,14179800,33.310001,33.439999,33.82
5/21/2013,S01,33.740002,11312300,33.259998,33.59,33.639999
5/24/2013,S01,33.799999,14837600,33.009998,33.389999,33.189999
5/25/2013,S01,33.48,20920600,32.459999,33.34,32.52
5/26/2013,S01,32.900002,17599800,32,32.560001,32.799999
5/27/2013,S01,33.23,12689000,32.240002,32.869999,32.360001
5/28/2013,S01,32.830002,8431400,31.950001,31.98,32.610001
5/31/2013,S01,32.290001,9225100,32,32.18,32.18
6/1/2013,S01,32.470001,12000000,32,32.400002,32.380001
6/2/2013,S01,33.189999,11813400,32.450001,32.790001,32.860001
6/3/2013,S01,33.200001,9876300,32.84,32.849998,33.060001
6/4/2013,S01,34.09,14258500,33.25,33.34,33.93
6/7/2013,S01,33.779999,8693800,33.299999,33.740002,33.610001
6/8/2013,S01,33.619999,9965500,33.07,33.360001,33.43
6/9/2013,S01,34.060001,8367800,33.41,33.43,33.849998
6/10/2013,S01,33.990002,6474900,33.68,33.950001,33.799999
6/11/2013,S01,33.509998,5420100,33.189999,33.400002,33.360001
6/14/2013,S01,33.77,7301600,32.75,33.5,33.259998
6/15/2013,S01,33.240002,7100000,32.709999,33.09,33.220001
6/16/2013,S01,33.540001,8579500,33.009998,33.009998,33.41
6/17/2013,S01,34.209999,8888700,33.299999,33.470001,33.91
6/18/2013,S01,34.150002,7659300,33.459999,34.080002,33.59
6/22/2013,S01,33.630001,6831500,33.200001,33.630001,33.279999
6/23/2013,S01,33.41,6498700,32.900002,33.18,32.959999
6/24/2013,S01,33.5,5775600,32.540001,32.84,33.32
6/25/2013,S01,33.599998,3609200,33.290001,33.48,33.32
6/28/2013,S01,33.400002,5986000,32.799999,33.060001,33.110001
6/29/2013,S01,33.84,6378700,33.139999,33.189999,33.720001
6/30/2013,S01,33.73,7069700,33.290001,33.73,33.349998
7/1/2013,S01,33.560001,6630800,33,33.490002,33.169998
7/2/2013,S01,33.349998,4721800,32.779999,33.130001,32.82
7/5/2013,S01,32.779999,7860800,32.119999,32.709999,32.189999
7/6/2013,S01,32.18,8830100,31.66,31.860001,32.119999
7/7/2013,S01,32.759998,7537300,32.060001,32.119999,32.650002
7/8/2013,S01,32.98,7189900,32.560001,32.950001,32.599998
7/9/2013,S01,32.490002,12369800,32.02,32.200001,32.27
7/12/2013,S01,32.439999,7050900,31.9,32.310001,31.91
7/13/2013,S01,32.299999,10321000,31.940001,32.07,32.290001
7/14/2013,S01,32.639999,8657900,31.92,32.209999,32.009998
7/15/2013,S01,32.82,8428200,32.040001,32.099998,32.779999
7/16/2013,S01,33.299999,11965600,32.689999,32.779999,33.02
7/19/2013,S01,33.93,10684400,32.959999,33,33.84
7/20/2013,S01,33.709999,7977800,33.259998,33.650002,33.580002
7/21/2013,S01,33.759998,8250000,33.23,33.57,33.610001
7/22/2013,S01,33.509998,5536800,33.169998,33.310001,33.43
7/23/2013,S01,33.560001,6339900,33.009998,33.490002,33.349998
7/26/2013,S01,34,5712600,33.450001,33.57,33.990002
7/27/2013,S01,34.240002,5476200,33.869999,34.02,33.869999
7/28/2013,S01,33.830002,6509900,33.060001,33.73,33.330002
7/29/2013,S01,33.349998,7208600,32.990002,33.16,33.189999
7/30/2013,S01,33.900002,7785300,33.259998,33.32,33.610001
8/2/2013,S01,33.41,7410300,32.950001,33.139999,33.259998
8/3/2013,S01,33.200001,7874900,32.529999,33.200001,32.599998
8/4/2013,S01,32.32,10254000,31.9,32.310001,32.16
8/5/2013,S01,32.650002,6112500,32,32.09,32.459999
8/9/2013,S01,32.290001,5092200,31.85,31.950001,32.139999
8/10/2013,S01,32.380001,11486600,31.620001,32.02,31.690001
8/11/2013,S01,32.18,5891500,31.91,31.93,31.99
8/12/2013,S01,32.560001,5873200,31.91,32.009998,32.509998
8/13/2013,S01,32.799999,8947700,32.18,32.41,32.18
8/16/2013,S01,32.66,6878500,31.799999,32.57,32.200001
8/17/2013,S01,32.830002,6303500,32.32,32.32,32.779999
8/18/2013,S01,32.889999,5670800,32.349998,32.639999,32.720001
8/19/2013,S01,33.130001,8923800,32.369999,32.830002,32.639999
8/20/2013,S01,33.049999,48477500,32.32,32.990002,32.470001
8/23/2013,S01,32.259998,13134900,31.809999,32.200001,31.889999
8/24/2013,S01,32.75,18923700,31.200001,32.709999,31.360001
8/25/2013,S01,31.98,10774100,31.370001,31.5,31.969999
8/26/2013,S01,32,9420400,31.620001,31.620001,31.950001
8/27/2013,S01,32.220001,10444000,31.85,32,32.169998
8/30/2013,S01,32.09,8635400,31.85,32.02,31.940001
8/31/2013,S01,32.040001,8224900,31.629999,31.639999,31.85
9/1/2013,S01,32.150002,9121700,31.610001,31.65,32.09
9/2/2013,S01,32.200001,11499800,31.370001,32.130001,31.389999
9/3/2013,S01,31.1,11574300,30.48,31.01,30.59
9/6/2013,S01,30.93,8321900,30.48,30.48,30.610001
9/7/2013,S01,30.709999,10458600,29.940001,30.360001,30.629999
9/8/2013,S01,30.73,12219000,29.98,30.309999,30.6
9/9/2013,S01,30.870001,9853800,30.34,30.690001,30.780001
9/10/2013,S01,31.290001,7204600,30.66,30.75,30.74
9/13/2013,S01,30.799999,5845100,30.27,30.469999,30.629999
9/14/2013,S01,30.85,5245900,30.219999,30.639999,30.290001
9/15/2013,S01,30.559999,6847600,29.93,30.35,29.959999
9/16/2013,S01,30.08,8167400,29.280001,30.01,29.35
9/17/2013,S01,29.540001,9441700,28.639999,29.5,28.73
9/20/2013,S01,29.51,7392200,28.6,28.83,29.48
9/21/2013,S01,29.51,5783200,29.129999,29.51,29.360001
9/22/2013,S01,29.190001,8100000,28.59,29.08,29.139999
9/23/2013,S01,29.27,8393000,28.68,29.18,28.889999
9/24/2013,S01,29.139999,4862100,28.780001,28.9,28.940001
9/28/2013,S01,29.389999,6523900,28.99,29.129999,29.360001
9/29/2013,S01,29.129999,5076300,28.84,29.02,28.950001
9/30/2013,S01,28.870001,9772300,28.299999,28.809999,28.48
10/1/2013,S01,28.139999,19508700,26.969999,28.09,27
10/4/2013,S01,27.290001,8815100,26.77,27.030001,27.09
10/5/2013,S01,27.639999,10820200,27.040001,27.040001,27.48
10/6/2013,S01,28.629999,13390200,27.57,27.719999,28.6
10/7/2013,S01,29.01,11843700,28.110001,28.889999,28.23
10/8/2013,S01,28.549999,6729200,27.99,28.07,28.52
10/11/2013,S01,28.799999,7862600,27.620001,28.639999,27.65
10/12/2013,S01,28.41,9531000,27.719999,27.84,28.24
10/13/2013,S01,28.17,10268700,27.700001,28.08,27.82
10/14/2013,S01,28.02,7856900,27.389999,27.93,27.73
10/15/2013,S01,28,13562600,27.66,27.91,27.860001
10/18/2013,S01,28.219999,6562400,27.65,27.76,28.02
10/19/2013,S01,28.360001,7403100,28,28.200001,28.27
10/20/2013,S01,28.549999,7764200,28.059999,28.379999,28.540001
10/21/2013,S01,28.610001,8264100,27.52,28.610001,27.6
10/22/2013,S01,28.129999,7851600,27.57,27.75,28.049999
10/25/2013,S01,27.780001,7081800,26.940001,27.709999,26.98
10/26/2013,S01,27.120001,7518600,26.610001,26.98,27.030001
10/27/2013,S01,27.33,5618900,26.93,27.07,27.07
10/28/2013,S01,27,5903200,26.549999,26.940001,26.870001
10/29/2013,S01,28.700001,14743000,27.389999,27.4,28.690001
11/1/2013,S01,28.790001,6992600,28.110001,28.690001,28.280001
11/2/2013,S01,28.559999,3545100,28.129999,28.209999,28.559999
11/4/2013,S01,28.52,4695400,28.09,28.5,28.41
11/5/2013,S01,28.32,7054200,27.379999,28.219999,27.719999
11/8/2013,S01,27.719999,6768900,27.26,27.67,27.41
11/9/2013,S01,27.790001,9540200,27.09,27.299999,27.389999
11/10/2013,S01,27.75,7951600,27.15,27.35,27.299999
11/11/2013,S01,27.08,9661300,26.57,27.01,26.74
11/12/2013,S01,27.120001,7268000,26.67,26.74,27.02
11/15/2013,S01,26.719999,8016200,26.370001,26.49,26.43
11/16/2013,S01,26.68,8203800,26.059999,26.59,26.59
11/17/2013,S01,27.690001,8045900,26.450001,26.59,27.65
11/18/2013,S01,28.15,8153800,27.709999,27.92,28.040001
11/19/2013,S01,28.02,9478300,27.219999,28.02,27.25
11/22/2013,S01,27,9563900,26.139999,26.67,26.82
11/23/2013,S01,27.08,11880600,26.209999,26.5,26.57
11/24/2013,S01,27.129999,7618400,26.379999,26.52,26.629999
11/25/2013,S01,27.74,8031300,26.83,27.120001,27.049999
11/26/2013,S01,27.49,11710000,26.790001,27.18,27.34
11/29/2013,S01,27.6,8000900,27.01,27.450001,27.209999
11/30/2013,S01,27.450001,10633900,27.120001,27.219999,27.24
12/1/2013,S01,27.799999,9361300,27.32,27.48,27.629999
12/2/2013,S01,27.84,9437500,27,27.379999,27.25
12/3/2013,S01,28.379999,8619800,27.610001,27.610001,28.27
12/6/2013,S01,28.68,9780900,28.18,28.27,28.24
12/7/2013,S01,29.360001,14547300,28.299999,28.32,29.23
12/8/2013,S01,29.4,7852100,29.059999,29.110001,29.360001
12/9/2013,S01,29.790001,7914100,29.23,29.309999,29.540001
12/10/2013,S01,29.75,6591100,29.33,29.52,29.75
12/13/2013,S01,29.75,7788500,29.15,29.719999,29.540001
12/14/2013,S01,29.85,5899200,29.35,29.74,29.48
12/15/2013,S01,29.940001,7841900,29.43,29.540001,29.9
12/16/2013,S01,30.379999,9181600,29.82,30,30.27
12/17/2013,S01,30.379999,10129100,29.82,30.379999,29.860001
12/20/2013,S01,29.99,8885100,29.469999,29.969999,29.530001
12/21/2013,S01,29.870001,8565600,29.49,29.639999,29.639999
12/22/2013,S01,29.74,6671400,29.17,29.58,29.379999
12/23/2013,S01,29.5,5787400,29.01,29.219999,29.32
12/24/2013,S01,29.68,5739000,29.120001,29.209999,29.559999
12/27/2013,S01,29.65,6009700,29.26,29.6,29.32
12/28/2013,S01,29.559999,6408900,29.16,29.209999,29.24
12/29/2013,S01,29.559999,4183200,29.15,29.309999,29.4
12/30/2013,S01,29.379999,6076200,28.93,29.17,29.01
12/31/2013,S01,29.379999,8706300,28.879999,29.309999,29.040001
1/4/2014,S01,29.01,5823000,28.5,28.92,28.790001
1/5/2014,S01,28.889999,5841000,28.469999,28.700001,28.52
1/6/2014,S01,29.57,8748800,28.639999,28.690001,29.559999
1/7/2014,S01,29.34,8065300,29.040001,29.299999,29.18
1/10/2014,S01,29.290001,7912400,28.639999,29.17,28.67
1/11/2014,S01,28.85,8352000,28.52,28.610001,28.58
1/12/2014,S01,28.809999,10427700,28.24,28.469999,28.59
1/13/2014,S01,29.15,13060500,28.33,28.51,28.91
1/14/2014,S01,29.700001,10377800,29.02,29.049999,29.559999
1/17/2014,S01,29.709999,5497900,28.98,29.629999,29.1
1/18/2014,S01,28.98,9955600,28.58,28.940001,28.66
1/19/2014,S01,28.780001,11371700,28.379999,28.68,28.690001
1/20/2014,S01,28.91,7822900,28.41,28.49,28.85
1/21/2014,S01,29.290001,10882300,28.959999,28.969999,28.99
1/24/2014,S01,28.73,6481300,28.48,28.639999,28.68
1/25/2014,S01,28.950001,10702200,27.780001,28.799999,27.83
1/26/2014,S01,27.58,16989600,26.940001,27.459999,27.57
1/27/2014,S01,27.950001,9243300,27.43,27.719999,27.879999
1/28/2014,S01,27.82,9304500,27.4,27.719999,27.559999
1/31/2014,S01,27.809999,9697700,27.469999,27.549999,27.610001
2/1/2014,S01,27.799999,8798800,27.51,27.75,27.610001
2/2/2014,S01,27.700001,8758500,27.35,27.35,27.469999
2/3/2014,S01,27.91,5766000,27.43,27.59,27.91
2/4/2014,S01,28.530001,10466600,27.98,28.059999,28.16
2/7/2014,S01,28.23,6772400,27.780001,27.940001,27.99
2/8/2014,S01,27.99,9783500,27.27,27.950001,27.32
2/9/2014,S01,27.440001,9056700,27.059999,27.389999,27.17
2/10/2014,S01,27.530001,9962000,27,27.15,27.299999
2/11/2014,S01,27.530001,7583200,27.059999,27.280001,27.280001
2/14/2014,S01,28.610001,13724900,27.73,27.790001,28.219999
2/15/2014,S01,28.780001,8000600,28.25,28.32,28.73
2/16/2014,S01,28.74,8143700,28.120001,28.190001,28.469999
2/17/2014,S01,28.860001,10508200,28.32,28.459999,28.76
2/18/2014,S01,28.77,11642400,27.74,28.76,27.809999
2/21/2014,S01,28.24,9642500,27.629999,27.690001,27.790001
2/22/2014,S01,27.98,13114500,27.209999,27.34,27.84
2/23/2014,S01,27.98,8930500,27.42,27.91,27.700001
2/24/2014,S01,28.200001,9339800,27.870001,28,28.129999
2/25/2014,S01,28.92,13015600,28.059999,28.09,28.92
3/2/2014,S01,28.9,9626600,28.059999,28.9,28.09
3/3/2014,S01,29.23,9974900,28.17,28.299999,29.209999
3/4/2014,S01,29.299999,9845000,28.48,29.27,28.530001
3/7/2014,S01,29.51,10014100,28.459999,28.66,29.469999
3/8/2014,S01,30.02,13155400,29.389999,29.49,29.940001
3/9/2014,S01,29.73,10179200,28.969999,29.620001,29.290001
3/10/2014,S01,29.5,8314200,29.120001,29.26,29.139999
3/11/2014,S01,29.9,11330700,29,29.129999,29.51
3/14/2014,S01,29.690001,7221300,29.34,29.559999,29.51
3/15/2014,S01,29.74,9544100,29.290001,29.309999,29.379999
3/16/2014,S01,29.639999,10029300,28.700001,29.43,28.76
3/17/2014,S01,29.08,9833900,28.65,28.75,28.790001
3/18/2014,S01,28.950001,12828700,28.049999,28.82,28.32
3/21/2014,S01,28.940001,8284500,28.450001,28.700001,28.9
3/22/2014,S01,29.309999,9087400,28.6,28.76,29.309999
3/23/2014,S01,29.42,5355700,29.059999,29.299999,29.200001
3/25/2014,S01,29.84,4249900,29.17,29.440001,29.59
3/28/2014,S01,29.780001,6133500,29.290001,29.52,29.629999
3/29/2014,S01,29.780001,6345500,29.4,29.639999,29.459999
3/30/2014,S01,29.83,8315700,29.049999,29.34,29.780001
3/31/2014,S01,30.1,8044900,29.65,29.799999,30.049999
4/1/2014,S01,30.200001,11689200,29.440001,30.059999,29.469999
4/4/2014,S01,29.85,5748000,29.559999,29.76,29.610001
4/5/2014,S01,29.790001,8286300,29.389999,29.639999,29.610001
4/6/2014,S01,29.940001,5798000,29.48,29.58,29.860001
4/7/2014,S01,30.059999,5625300,29.639999,29.82,29.809999
4/8/2014,S01,29.889999,5019100,29.52,29.879999,29.85
4/11/2014,S01,29.950001,7256800,29.709999,29.82,29.82
4/12/2014,S01,31.139999,16770100,29.9,29.950001,31.01
4/13/2014,S01,31.27,11707000,30.709999,31.07,31.059999
4/14/2014,S01,31.25,7443500,30.440001,30.92,30.58
4/15/2014,S01,31.1,9093300,30.360001,30.450001,30.799999
4/18/2014,S01,30.99,7374000,30.440001,30.48,30.91
4/19/2014,S01,31.549999,9266200,30.870001,31,31.34
4/20/2014,S01,31.809999,8054800,31.25,31.35,31.25
4/21/2014,S01,31.360001,6978900,30.969999,31.25,31.280001
4/22/2014,S01,31.08,13373000,30.4,30.93,30.93
4/25/2014,S01,30.950001,1978900,30.66,30.82,30.93
4/27/2014,S01,31.16,4503700,30.75,30.91,30.809999
4/28/2014,S01,30.93,6179000,30.440001,30.74,30.74
4/29/2014,S01,30.889999,4822300,30.440001,30.549999,30.469999
5/2/2014,S01,30.99,7153000,30.299999,30.48,30.889999
5/4/2014,S01,32.41,13357500,31.49,31.549999,32.310001
5/5/2014,S01,32.279999,8832500,31.780001,32.150002,31.889999
5/6/2014,S01,32.18,7606600,31.75,32,31.82
5/9/2014,S01,32.189999,7392900,31.77,31.77,31.92
5/10/2014,S01,32,6904200,31.389999,31.75,31.549999
5/11/2014,S01,32.009998,6754000,31.57,31.58,32
5/12/2014,S01,32.57,8018700,32.080002,32.110001,32.43
5/13/2014,S01,32.639999,5376500,32.330002,32.41,32.419998
5/16/2014,S01,32.639999,5516500,32.25,32.25,32.34
5/17/2014,S01,32.380001,4922300,31.969999,32.139999,32.279999
5/18/2014,S01,32.560001,5415300,32.080002,32.18,32.509998
5/19/2014,S01,33.25,9193900,32.450001,32.509998,33.150002
5/20/2014,S01,33.540001,13294700,33.02,33.029999,33.52
5/24/2014,S01,33.470001,13045800,33.130001,33.349998,33.459999
5/25/2014,S01,33.299999,9516500,32.799999,33.25,33.080002
5/26/2014,S01,33.610001,7827500,33.009998,33.150002,33.09
5/27/2014,S01,33.290001,8436000,32.709999,33.150002,32.799999
5/30/2014,S01,33.310001,7773000,32.810001,32.84,33.040001
5/31/2014,S01,32.830002,6183000,32.389999,32.610001,32.669998
6/1/2014,S01,32.970001,8352700,32.59,32.630001,32.82
6/2/2014,S01,33.110001,13790600,32.66,32.82,33.080002
6/3/2014,S01,33.75,13854400,33.080002,33.18,33.720001
6/6/2014,S01,33.689999,16353400,33.25,33.5,33.27
6/7/2014,S01,33.860001,8434100,33.209999,33.43,33.75
6/8/2014,S01,33.689999,9102400,33.389999,33.599998,33.560001
6/9/2014,S01,33.549999,10626900,32.919998,33.48,33.419998
6/10/2014,S01,34.290001,13022900,33.560001,33.610001,34.279999
6/13/2014,S01,34.189999,8275000,33.66,34.18,33.689999
6/14/2014,S01,33.700001,7055500,33.41,33.59,33.560001
6/15/2014,S01,33.880001,5424700,33.540001,33.619999,33.720001
6/16/2014,S01,33.84,6394200,33.299999,33.490002,33.790001
6/17/2014,S01,33.860001,6519100,33.400002,33.830002,33.59
6/21/2014,S01,34.060001,6098000,33.43,33.720001,33.939999
6/22/2014,S01,33.990002,8968900,33.049999,33.98,33.060001
6/23/2014,S01,33,11422300,32.189999,32.990002,32.48
6/24/2014,S01,34.25,20543100,33.150002,33.150002,34.18
6/27/2014,S01,34.450001,13942700,33.709999,34.200001,33.73
6/28/2014,S01,33.98,9811800,33.619999,33.709999,33.759998
6/29/2014,S01,34.48,7104600,33.709999,33.799999,34.290001
6/30/2014,S01,34.66,13413000,34.240002,34.369999,34.43
7/1/2014,S01,34.57,9336900,33.830002,34.130001,34.52
7/4/2014,S01,34.57,7424800,34.110001,34.439999,34.560001
7/5/2014,S01,35.009998,12979700,34.59,34.68,35
7/6/2014,S01,35.259998,8706000,34.950001,35.029999,35.139999
7/7/2014,S01,35.25,8423000,35.060001,35.189999,35.200001
7/8/2014,S01,35.32,11510500,34.82,35.299999,35.290001
7/11/2014,S01,35.59,8907500,35.110001,35.27,35.52
7/12/2014,S01,35.720001,10862800,35.310001,35.5,35.619999
7/13/2014,S01,35.380001,9363100,35.049999,35.200001,35.290001
7/14/2014,S01,35.73,8676000,35.32,35.5,35.380001
7/15/2014,S01,35.400002,14809100,34.849998,35.200001,35.080002
7/18/2014,S01,34.98,9094600,34.209999,34.209999,34.619999
7/19/2014,S01,34.91,11004700,34.290001,34.689999,34.66
7/20/2014,S01,35.150002,7556000,34.810001,34.919998,35.060001
7/21/2014,S01,34.93,9540200,34.240002,34.779999,34.290001
7/22/2014,S01,34.720001,7647400,34.330002,34.490002,34.459999
7/25/2014,S01,34.880001,7552800,34.310001,34.560001,34.48
7/26/2014,S01,35.110001,7249200,34.619999,34.740002,35.099998
7/27/2014,S01,35.119999,8214600,34.560001,34.82,35.080002
7/28/2014,S01,35.5,8651800,34.990002,35.009998,35.48
8/1/2014,S01,35.560001,11066900,34.860001,35.259998,35.009998
8/2/2014,S01,35.02,8763300,34.57,34.790001,34.77
8/3/2014,S01,34.889999,13625700,34,34.740002,34.150002
8/4/2014,S01,34.630001,9406500,34.080002,34.259998,34.490002
8/5/2014,S01,34.23,11092000,33.810001,34.110001,34.200001
8/8/2014,S01,35.080002,8662800,34.259998,34.290001,35.07
8/9/2014,S01,35.400002,7745400,34.799999,35.110001,35.16
8/10/2014,S01,35.77,8048200,35.23,35.349998,35.759998
8/11/2014,S01,35.919998,10085600,35.369999,35.450001,35.689999
8/12/2014,S01,35.880001,6753100,35.23,35.669998,35.849998
8/15/2014,S01,35.880001,9517000,35.27,35.580002,35.27
8/16/2014,S01,35.860001,9367200,35.16,35.43,35.740002
8/17/2014,S01,35.029999,17043900,34.009998,35,34.209999
8/18/2014,S01,34.810001,12616900,33.880001,34.650002,33.919998
8/19/2014,S01,34.400002,10701100,33.560001,33.830002,34.25
8/22/2014,S01,35.599998,10722800,34.060001,34.310001,34.810001
8/23/2014,S01,36.23,15246700,35.16,35.32,35.700001
8/24/2014,S01,36.139999,12074200,35.330002,35.529999,36.009998
8/25/2014,S01,36.259998,11218600,35.93,36.16,36.110001
8/26/2014,S01,35.889999,6990800,35.5,35.580002,35.740002
8/29/2014,S01,36.099998,5335500,35.68,35.98,35.970001
8/30/2014,S01,36.240002,7430700,35.759998,35.950001,36.209999
8/31/2014,S01,36.799999,15212000,35.860001,36.25,36.41
9/1/2014,S01,36.900002,9582100,36.299999,36.580002,36.700001
9/2/2014,S01,37.200001,11805400,36.869999,36.939999,37.009998
9/5/2014,S01,37.25,6140200,36.810001,37.189999,37.040001
9/6/2014,S01,37.150002,5820100,36.860001,37.110001,37.040001
9/7/2014,S01,37.23,6355900,36.91,36.919998,37.09
9/8/2014,S01,37.360001,7754600,36.939999,37,37.009998
9/9/2014,S01,37.23,8742300,36.860001,37.23,37.040001
9/12/2014,S01,37.029999,9398700,36.540001,36.919998,36.540001
9/13/2014,S01,36.799999,7124900,36.48,36.529999,36.509998
9/14/2014,S01,36.880001,11922000,36.459999,36.57,36.810001
9/15/2014,S01,36.98,10209300,36.580002,36.790001,36.599998
9/16/2014,S01,36.830002,10018700,36.57,36.68,36.77
9/19/2014,S01,36.84,8727600,36.580002,36.75,36.630001
9/20/2014,S01,36.799999,6651600,36.509998,36.700001,36.599998
9/21/2014,S01,36.740002,10122900,35.810001,36.48,36.009998
9/22/2014,S01,36.16,7566200,35.529999,35.73,35.990002
9/23/2014,S01,36.009998,4786900,35.529999,35.740002,35.990002
9/27/2014,S01,36.720001,5578500,36.130001,36.650002,36.200001
9/28/2014,S01,36.290001,7809600,35.869999,36.040001,36.09
9/29/2014,S01,36.630001,15275100,35.919998,35.919998,36.470001
9/30/2014,S01,36.41,8188900,35.880001,36.080002,35.91
10/3/2014,S01,36.189999,8403800,35.73,35.939999,36.029999
10/4/2014,S01,36.990002,9021500,36.419998,36.419998,36.639999
10/5/2014,S01,36.610001,6851900,35.810001,36.610001,35.869999
10/6/2014,S01,36.07,6104900,35.209999,35.830002,35.669998
10/7/2014,S01,36.25,5828200,35.66,35.98,36.18
10/10/2014,S01,36.759998,7941300,36.119999,36.25,36.619999
10/11/2014,S01,36.02,9795200,35.169998,36,35.259998
10/12/2014,S01,35.529999,8378600,34.650002,35.5,34.790001
10/13/2014,S01,35.580002,7036400,34.580002,34.849998,35.48
10/14/2014,S01,35.77,6267600,35.240002,35.360001,35.48
10/17/2014,S01,36.240002,6750900,35.599998,35.799999,35.779999
10/18/2014,S01,36.34,5691600,35.68,35.889999,36.119999
10/19/2014,S01,36.290001,5850300,35.610001,36.23,35.709999
10/20/2014,S01,35.5,8734600,34.52,35.41,34.630001
10/21/2014,S01,35.060001,14860300,34.400002,34.790001,34.950001
10/24/2014,S01,34.959999,9087400,34.099998,34.82,34.189999
10/25/2014,S01,35.16,7825800,34.470001,34.630001,35.02
10/26/2014,S01,35.41,6596900,34.91,35.279999,34.959999
10/27/2014,S01,35.189999,6720200,34.849998,35.060001,34.849998
10/28/2014,S01,35.080002,11343300,34.509998,34.59,34.849998
10/31/2014,S01,35.380001,5246700,34.939999,34.950001,35.040001
11/1/2014,S01,35.66,7795600,34.830002,34.889999,35.130001
11/2/2014,S01,35.779999,4074200,34.810001,34.849998,35.470001
11/4/2014,S01,36.02,5764600,35.52,35.759998,36
11/7/2014,S01,36.16,8024200,35.41,36.130001,35.689999
11/8/2014,S01,36.41,6284900,35.959999,36,36.240002
11/9/2014,S01,36.669998,7016500,36.060001,36.060001,36.59
11/10/2014,S01,37.310001,10298900,36.84,36.860001,37.169998
11/11/2014,S01,37.490002,6618900,37.009998,37.200001,37.490002
11/14/2014,S01,37.830002,6279500,37.41,37.490002,37.790001
11/15/2014,S01,37.950001,5192600,37.619999,37.889999,37.82
11/16/2014,S01,38.16,5810900,37.799999,37.93,37.900002
11/17/2014,S01,38.099998,6911300,37.560001,37.889999,37.599998
11/18/2014,S01,37.599998,8238400,37.130001,37.529999,37.259998
11/21/2014,S01,37.599998,7906500,37.220001,37.549999,37.419998
11/22/2014,S01,39.740002,21958000,38.580002,38.650002,38.93
11/23/2014,S01,39.209999,10252200,38.66,38.970001,38.93
11/24/2014,S01,39.27,9191700,38.73,38.91,39.25
11/25/2014,S01,39.119999,6965000,38.75,38.759998,39.110001
11/28/2014,S01,38.990002,4970300,38.540001,38.619999,38.59
11/29/2014,S01,39.049999,6160000,38.619999,38.73,38.759998
11/30/2014,S01,39.349998,8871300,38.779999,38.98,39.18
12/1/2014,S01,39.900002,8625100,39.25,39.360001,39.82
12/2/2014,S01,39.990002,9305700,39.41,39.630001,39.939999
12/5/2014,S01,39.900002,4514300,39.66,39.720001,39.860001
12/6/2014,S01,39.990002,5140100,39.529999,39.810001,39.73
12/7/2014,S01,39.889999,4513300,39.490002,39.549999,39.650002
12/8/2014,S01,39.959999,3897300,39.419998,39.849998,39.650002
12/9/2014,S01,39.939999,5768600,39.509998,39.549999,39.779999
12/12/2014,S01,39.919998,3506600,39.48,39.48,39.709999
12/13/2014,S01,39.919998,4100300,39.450001,39.700001,39.759998
12/14/2014,S01,39.790001,11735300,39.040001,39.779999,39.169998
12/15/2014,S01,38.900002,8551200,38.360001,38.669998,38.650002
12/16/2014,S01,39.049999,5714600,38.439999,38.630001,38.740002
12/19/2014,S01,39.029999,5365800,38.41,38.939999,38.439999
12/20/2014,S01,38.860001,5428900,38.450001,38.580002,38.75
12/21/2014,S01,38.759998,9314200,38,38.299999,38.450001
12/22/2014,S01,38.950001,4258600,38.349998,38.619999,38.82
12/23/2014,S01,39.139999,5162800,38.709999,38.93,39.07
12/26/2014,S01,39.560001,6757700,39.040001,39.16,39.189999
12/27/2014,S01,38.810001,9172200,38.119999,38.810001,38.25
12/28/2014,S01,38.689999,5115000,38.139999,38.369999,38.43
12/29/2014,S01,38.82,3192400,38.259998,38.380001,38.610001
12/30/2014,S01,38.650002,4377300,38.060001,38.639999,38.200001
1/3/2015,S01,39.09,4466800,38.48,38.619999,38.639999
1/4/2015,S01,39.470001,6224400,38.52,38.77,39.369999
1/5/2015,S01,39.580002,4374400,39.290001,39.360001,39.48
1/6/2015,S01,39.599998,4770400,38.98,39.599998,39.18
1/9/2015,S01,39.84,3656700,39.25,39.389999,39.75
1/10/2015,S01,40.360001,6427400,39.880001,39.959999,40.310001
1/11/2015,S01,40.389999,6720000,39.959999,40.049999,40.029999
1/12/2015,S01,40.110001,5855600,39.66,39.93,39.91
1/13/2015,S01,40.299999,4272300,39.740002,40.060001,40.279999
1/16/2015,S01,40.580002,5393100,40.279999,40.5,40.450001
1/17/2015,S01,40.84,4061200,40.389999,40.66,40.73
1/18/2015,S01,40.900002,7654400,40.549999,40.700001,40.849998
1/19/2015,S01,40.939999,5066800,40.669998,40.91,40.799999
1/20/2015,S01,40.91,7179000,40.509998,40.889999,40.52
1/23/2015,S01,40.619999,5780200,40.25,40.5,40.470001
1/24/2015,S01,40.560001,4440700,40.23,40.450001,40.310001
1/25/2015,S01,40.52,4421200,40.209999,40.43,40.32
1/26/2015,S01,40.540001,3275500,40.150002,40.52,40.380001
1/27/2015,S01,40.330002,3799300,40,40.25,40.16
1/30/2015,S01,40.41,5521700,39.68,39.880001,40.290001
1/31/2015,S01,40.549999,3942000,40.23,40.34,40.400002
2/1/2015,S01,40.470001,4255100,40.080002,40.110001,40.259998
2/2/2015,S01,40.360001,5899200,39.810001,40.060001,40.220001
2/3/2015,S01,40.25,6539300,39.830002,40.25,39.93
2/6/2015,S01,40.220001,5850700,39.52,39.610001,39.860001
2/7/2015,S01,39.900002,6427000,39.200001,39.900002,39.240002
2/8/2015,S01,39.490002,6859200,38.919998,39.32,39.290001
2/9/2015,S01,40.240002,6383900,39.560001,39.57,40.119999
2/10/2015,S01,40.43,4500100,39.82,39.82,40.380001
2/13/2015,S01,40.639999,6080400,40.139999,40.23,40.549999
2/14/2015,S01,40.599998,6437400,40.209999,40.509998,40.25
2/15/2015,S01,40.77,8301700,39.740002,39.990002,40.75
2/16/2015,S01,40.720001,4972800,40.09,40.279999,40.650002
2/17/2015,S01,40.759998,5724400,40.34,40.689999,40.709999
2/20/2015,S01,41.220001,9658800,40.540001,40.549999,40.990002
2/21/2015,S01,40.459999,13064800,39.779999,40.18,40.279999
2/22/2015,S01,40.110001,12047600,39.189999,40,39.73
2/23/2015,S01,40.279999,6663600,39.650002,39.650002,39.880001
2/24/2015,S01,40.27,7152100,39.790001,39.950001,40.23
2/27/2015,S01,41.07,11604000,40.09,40.130001,41.009998
2/28/2015,S01,41.77,11073600,40.919998,41.41,41.759998
3/1/2015,S01,42.330002,11278100,41.560001,41.66,41.720001
3/2/2015,S01,42.34,9643500,41.650002,41.700001,42.09
3/3/2015,S01,42.369999,6033800,41.82,42.360001,42.029999
3/6/2015,S01,42.240002,3681600,41.889999,42.18,41.990002
3/7/2015,S01,42.040001,5350400,41.5,41.75,41.900002
3/8/2015,S01,42.259998,4637300,41.900002,42.110001,42.139999
3/9/2015,S01,42.299999,6335400,41.509998,42.259998,41.650002
3/10/2015,S01,42.040001,5590100,41.560001,41.84,41.98
3/13/2015,S01,42,4291000,41.639999,41.939999,41.790001
3/14/2015,S01,41.990002,4176800,41.610001,41.610001,41.849998
3/15/2015,S01,42.41,7129600,41.509998,41.650002,42.389999
3/16/2015,S01,42.75,6114500,42.209999,42.23,42.630001
3/17/2015,S01,42.740002,4231800,42.290001,42.599998,42.549999
3/20/2015,S01,42.700001,4000400,42.330002,42.619999,42.439999
3/21/2015,S01,42.700001,3605000,42.09,42.48,42.150002
3/22/2015,S01,42.400002,4858800,41.810001,42.400002,41.93
3/23/2015,S01,42.490002,3826700,42.009998,42.080002,42.439999
3/24/2015,S01,42.669998,5002300,42.150002,42.43,42.639999
3/27/2015,S01,42.740002,6201200,42.419998,42.66,42.549999
3/28/2015,S01,42.849998,4181000,42.560001,42.59,42.700001
3/29/2015,S01,42.580002,4764300,41.939999,42.099998,42.52
3/31/2015,S01,43.080002,3756400,42.509998,42.630001,43
4/3/2015,S01,43,4389600,42.720001,42.950001,42.810001
4/4/2015,S01,42.939999,6318700,42.389999,42.619999,42.84
4/5/2015,S01,43.07,6592500,42.220001,42.669998,42.43
4/6/2015,S01,42.73,4486700,42.389999,42.48,42.66
4/7/2015,S01,43.560001,4794000,43.009998,43.009998,43.490002
4/10/2015,S01,43.669998,5121700,43.32,43.650002,43.580002
4/11/2015,S01,43.650002,5146200,43.279999,43.490002,43.41
4/12/2015,S01,43.5,4169600,42.779999,43.450001,42.810001
4/13/2015,S01,42.75,6970500,42.299999,42.330002,42.419998
4/14/2015,S01,42.779999,5596000,41.91,42.650002,41.950001
4/17/2015,S01,42.580002,4144400,42.049999,42.18,42.290001
4/18/2015,S01,42.610001,3570500,42.23,42.259998,42.43
4/19/2015,S01,43.099998,6390700,42.049999,42.509998,43.099998
4/20/2015,S01,43.110001,4910200,42.279999,43.110001,42.459999
4/21/2015,S01,43,8648200,42.490002,42.759998,42.84
4/24/2015,S01,43.41,3908600,42.900002,43,43.360001
4/25/2015,S01,43.599998,1339900,43.25,43.310001,43.43
4/27/2015,S01,43.650002,1960100,43.450001,43.52,43.59
4/28/2015,S01,43.830002,1938000,43.59,43.77,43.669998
5/1/2015,S01,43.91,2445700,43.490002,43.5,43.900002
5/2/2015,S01,44.09,2631300,43.790001,44.040001,43.91
5/4/2015,S01,43.5,6959200,42.880001,43.439999,43.099998
5/5/2015,S01,43.459999,4693300,42.970001,43.119999,43.290001
5/8/2015,S01,43.279999,4446300,42.849998,43.25,42.93
5/9/2015,S01,43.110001,5078900,42.639999,42.98,42.700001
5/10/2015,S01,43.32,6353500,42.619999,42.959999,43.290001
5/11/2015,S01,43.389999,3383800,42.900002,43.279999,43.060001
5/12/2015,S01,43.25,5330900,42.740002,43.150002,43.110001
5/15/2015,S01,43.099998,6759100,42.119999,42.959999,42.240002
5/16/2015,S01,43.400002,6892700,42.349998,42.5,43.34
5/17/2015,S01,43.650002,6605400,43.099998,43.450001,43.540001
5/18/2015,S01,43.599998,4086900,43.240002,43.52,43.369999
5/19/2015,S01,43.849998,6614200,43.009998,43.200001,43.450001
5/23/2015,S01,43.93,7413800,43.369999,43.75,43.849998
5/24/2015,S01,44.82,9822000,43.549999,43.700001,44.610001
5/25/2015,S01,44.549999,8236400,43.950001,44.119999,44.09
5/26/2015,S01,44.029999,10676700,42.880001,43.790001,42.950001
5/29/2015,S01,43.27,7360000,42.549999,42.950001,42.639999
5/30/2015,S01,42.93,6356100,42.299999,42.580002,42.900002
5/31/2015,S01,42.75,8619600,42.240002,42.32,42.400002
6/1/2015,S01,42.93,6703000,42.43,42.610001,42.689999
6/2/2015,S01,42.650002,12821700,41.259998,41.349998,42.400002
6/5/2015,S01,42.5,12669400,41.380001,42.419998,41.5
6/6/2015,S01,41.700001,10529900,40.849998,41.599998,40.889999
6/7/2015,S01,41.130001,9254300,40.330002,40.630001,40.970001
6/8/2015,S01,41.439999,4734500,41,41.189999,41.23
6/9/2015,S01,42,6005000,41.290001,41.560001,41.950001
6/12/2015,S01,42.369999,4666000,41.889999,41.970001,42.360001
6/13/2015,S01,43.290001,7149900,42.310001,42.759998,43.130001
6/14/2015,S01,43.439999,5041200,43.009998,43.240002,43.299999
6/15/2015,S01,43.75,5029100,43.049999,43.049999,43.740002
6/16/2015,S01,43.939999,4907400,43.400002,43.52,43.860001
6/20/2015,S01,44.07,5826100,43.240002,43.75,44.009998
6/21/2015,S01,44.150002,5346600,43.669998,43.830002,43.93
6/22/2015,S01,44.259998,5371100,43.799999,43.849998,44.200001
6/23/2015,S01,44.43,5669500,44.02,44.400002,44.150002
6/26/2015,S01,44.830002,5311800,44.200001,44.220001,44.450001
6/27/2015,S01,44.709999,5303900,44.07,44.490002,44.470001
6/28/2015,S01,44.939999,4532100,44.490002,44.5,44.630001
6/29/2015,S01,44.82,4343500,44.48,44.529999,44.779999
6/30/2015,S01,45.189999,5772900,44.580002,44.880001,44.959999
7/3/2015,S01,44.939999,4679400,44.349998,44.68,44.580002
7/4/2015,S01,45.41,5112200,44.82,44.830002,45.259998
7/5/2015,S01,45.599998,5094800,44.150002,44.150002,45.18
7/6/2015,S01,45.75,4803100,45.209999,45.310001,45.68
7/7/2015,S01,46.040001,3872400,45.619999,45.880001,45.849998
7/10/2015,S01,46,3370300,45.529999,45.91,45.869999
7/11/2015,S01,46.240002,4978200,45.299999,45.990002,45.669998
7/12/2015,S01,46.599998,9523400,45.52,45.52,46.43
7/13/2015,S01,46.779999,9890400,44.919998,46.5,44.990002
7/14/2015,S01,45.290001,10047300,44.290001,44.950001,44.310001
7/17/2015,S01,45.52,5894500,44.41,44.540001,45.27
7/18/2015,S01,45.650002,4093400,45.07,45.209999,45.400002
7/19/2015,S01,46.009998,5830900,45.27,45.509998,45.52
7/20/2015,S01,46.970001,7694600,45.41,45.549999,46.950001
7/21/2015,S01,47.650002,21693300,46.490002,47.43,47.150002
7/24/2015,S01,47,6884000,46.200001,46.799999,46.57
7/25/2015,S01,46.900002,6606500,46.099998,46.84,46.689999
7/26/2015,S01,47.25,6824900,46.23,46.98,46.389999
7/27/2015,S01,46.619999,4935700,46,46.450001,46.080002
7/28/2015,S01,47.060001,4329500,46.119999,46.23,46.639999
7/31/2015,S01,47.439999,4650500,46.860001,47.060001,47.16
8/1/2015,S01,49.77,6467800,47.119999,47.32,47.529999
8/2/2015,S01,47.970001,5153900,47.470001,47.580002,47.619999
8/3/2015,S01,47.889999,2626800,47.5,47.73,47.689999
8/4/2015,S01,48,7418800,46.23,47.889999,46.34
8/7/2015,S01,46.900002,7278000,46.02,46.290001,46.25
8/8/2015,S01,46.900002,6590100,46.279999,46.360001,46.77
8/9/2015,S01,47.360001,4638900,46.560001,46.950001,47.240002
8/10/2015,S01,47.290001,8497300,45.52,47.119999,45.529999
8/11/2015,S01,45.740002,8361500,44.73,44.77,44.98
8/14/2015,S01,45.759998,5175100,44.919998,45.759998,45.32
8/15/2015,S01,45.990002,6506100,45.040001,45.380001,45.810001
8/16/2015,S01,45.73,8908100,44.540001,45.700001,45.209999
8/17/2015,S01,46.060001,6542500,45.080002,45.349998,45.830002
8/21/2015,S01,46.240002,3000900,45.68,46.18,46.110001
8/22/2015,S01,46.709999,4981400,45.540001,45.880001,46.59
8/23/2015,S01,47,5865900,46.419998,46.549999,46.459999
8/24/2015,S01,49.110001,13421500,47.630001,47.779999,48.470001
8/25/2015,S01,48.16,12403800,45.939999,47.990002,46.34
8/28/2015,S01,46.73,13496500,45.209999,46.459999,45.450001
8/29/2015,S01,46.220001,7783900,45.630001,45.82,46.119999
8/30/2015,S01,46.169998,9909700,45.43,45.959999,45.450001
8/31/2015,S01,46,9211400,45.150002,45.91,45.23
9/1/2015,S01,45.970001,6002400,45.25,45.57,45.779999
9/4/2015,S01,45.860001,3970900,45.380001,45.490002,45.720001
9/5/2015,S01,45.860001,4431200,45.32,45.630001,45.380001
9/6/2015,S01,45.66,4491500,45.080002,45.330002,45.580002
9/7/2015,S01,46.599998,6113600,45.369999,45.59,46.110001
9/8/2015,S01,46.18,5549800,45.48,46.040001,45.84
9/11/2015,S01,47.150002,6529000,45.98,46.130001,46.950001
9/12/2015,S01,47.009998,8041500,46.099998,46.91,46.139999
9/13/2015,S01,46.279999,6239800,45.459999,45.830002,45.610001
9/14/2015,S01,45.66,8456000,44.68,45.529999,44.889999
9/15/2015,S01,45.220001,6593500,44.75,45.119999,44.990002
9/18/2015,S01,45.830002,4692100,45.130001,45.209999,45.599998
9/19/2015,S01,45.830002,4440100,45.380001,45.419998,45.709999
9/20/2015,S01,45.950001,3993300,45.349998,45.939999,45.650002
9/21/2015,S01,46.259998,4279700,45.619999,45.740002,46.139999
9/22/2015,S01,46.299999,3864500,45.919998,46.080002,46.25
9/26/2015,S01,46.790001,4594900,46.240002,46.380001,46.349998
9/27/2015,S01,46.529999,3976400,45.970001,46.290001,46.459999
9/28/2015,S01,46.66,2975300,46.389999,46.57,46.66
9/29/2015,S01,47,4576100,46.439999,46.84,46.98
10/2/2015,S01,47.240002,3379700,46.779999,47,46.990002
10/3/2015,S01,47.189999,3955200,46.779999,46.93,46.990002
10/4/2015,S01,47.189999,3497700,46.77,47.189999,46.849998
10/5/2015,S01,47.490002,4038200,45.650002,45.860001,47.400002
10/6/2015,S01,47.77,2965800,47.380001,47.689999,47.5
10/9/2015,S01,47.970001,4376700,47.48,47.540001,47.880001
10/10/2015,S01,47.98,2697000,47.650002,47.779999,47.970001
10/11/2015,S01,48.240002,3333300,47.669998,47.860001,48.09
10/12/2015,S01,48.240002,5782600,47.830002,47.889999,48.139999
10/13/2015,S01,48.450001,4763500,47.91,48.279999,48.330002
10/16/2015,S01,48.290001,4473200,47.799999,48.049999,48.130001
10/17/2015,S01,48.32,3845300,47.919998,47.959999,48.259998
10/18/2015,S01,48.299999,3973100,47.630001,48.279999,47.869999
10/19/2015,S01,48.209999,5185400,47.619999,48.080002,47.91
10/20/2015,S01,48.220001,8463900,47.560001,48.060001,47.939999
10/23/2015,S01,48.169998,3002500,47.82,47.98,48.080002
10/24/2015,S01,48.200001,3732800,47.639999,47.889999,47.709999
10/25/2015,S01,48.110001,3645000,46.549999,46.66,48.040001
10/26/2015,S01,48.049999,3533000,47.380001,48.040001,47.790001
10/27/2015,S01,47.779999,4105900,47.369999,47.720001,47.759998
10/30/2015,S01,47.950001,3109800,47.48,47.669998,47.790001
10/31/2015,S01,48.73,4714500,47.93,48.029999,48.490002
11/1/2015,S01,48.669998,2825500,48.330002,48.330002,48.509998
11/2/2015,S01,48.98,1689500,48.5,48.580002,48.950001
11/6/2015,S01,49.09,2912700,48.73,48.73,48.919998
11/7/2015,S01,49.040001,4789800,48.52,48.52,48.849998
11/8/2015,S01,49.41,4378200,48.830002,49.060001,49.279999
11/9/2015,S01,49.09,4907400,48.279999,48.759998,49
11/10/2015,S01,49.290001,4231400,48.830002,48.830002,49.290001
11/13/2015,S01,49.529999,5171500,48.860001,49.439999,48.919998
11/14/2015,S01,49.119999,5461600,48.419998,48.98,48.66
11/15/2015,S01,49.200001,4894500,48.810001,49,49.049999
11/16/2015,S01,48.93,5321300,48.060001,48.529999,48.150002
11/17/2015,S01,48.970001,5178800,48.169998,48.419998,48.82
11/20/2015,S01,49.34,7681800,48.080002,48.080002,49.169998
11/21/2015,S01,49.240002,8210500,48.439999,49,49.119999
11/22/2015,S01,49.240002,12255400,48.150002,49.220001,48.200001
11/23/2015,S01,48.610001,9868300,47.779999,48.5,47.860001
11/24/2015,S01,47.73,9472100,46.77,47.73,46.82
11/27/2015,S01,47.439999,11324800,46.380001,46.849998,47.349998
11/28/2015,S01,47.48,6139700,46.77,47.189999,46.77
11/29/2015,S01,47.380001,5408200,46.759998,47,47.23
11/30/2015,S01,46.939999,8564900,46.02,46.84,46.25
12/1/2015,S01,46.630001,7316800,46.119999,46.27,46.240002
12/4/2015,S01,46.509998,5327100,46.049999,46.200001,46.389999
12/5/2015,S01,46.459999,7867500,45.919998,46.459999,45.990002
12/6/2015,S01,46.439999,4940900,45.779999,45.880001,46.169998
12/7/2015,S01,46.5,6689400,45.599998,46.450001,45.669998
12/8/2015,S01,46.389999,4992300,45.849998,45.900002,46.330002
12/11/2015,S01,46.82,3393300,46.200001,46.200001,46.5
12/12/2015,S01,46.740002,3788200,46.25,46.25,46.669998
12/13/2015,S01,47.200001,5457800,46.830002,47.200001,47.080002
12/14/2015,S01,47.330002,2550700,47.009998,47.18,47.259998
12/15/2015,S01,47.73,5854100,46.990002,47.669998,47.560001
12/18/2015,S01,47.740002,3806300,47.360001,47.549999,47.560001
12/19/2015,S01,47.919998,3092200,47.450001,47.610001,47.689999
12/20/2015,S01,47.990002,5266400,47.669998,47.68,47.880001
12/21/2015,S01,48.23,3698600,47.799999,47.939999,48.169998
12/22/2015,S01,48.349998,3196900,47.959999,48.259998,48.02
12/25/2015,S01,48.5,4986900,47.259998,48.369999,47.369999
12/26/2015,S01,47.650002,4560400,47.310001,47.459999,47.490002
12/27/2015,S01,47.84,4945900,47.23,47.619999,47.779999
12/28/2015,S01,48.16,3427300,47.490002,47.610001,48.02
12/29/2015,S01,48.34,3433000,47.889999,48.310001,48.18
1/2/2016,S01,48.43,3321300,47.650002,48.43,47.91
1/3/2016,S01,48.369999,3884300,47.91,48.310001,48.349998
1/4/2016,S01,48.560001,3480200,48.16,48.5,48.25
1/5/2016,S01,48.59,3648600,48.209999,48.310001,48.580002
1/8/2016,S01,48.77,3975400,48.32,48.389999,48.490002
1/9/2016,S01,48.52,3153700,48.200001,48.389999,48.279999
1/10/2016,S01,48.419998,5503700,47.830002,48.419998,47.990002
1/11/2016,S01,48.220001,3165900,47.700001,47.799999,48.150002
1/12/2016,S01,48.18,4838300,47.459999,47.93,47.830002
1/15/2016,S01,47.950001,3238700,47.110001,47.110001,47.59
1/16/2016,S01,48.080002,5499600,47.099998,47.349998,47.919998
1/17/2016,S01,48.630001,3854700,47.91,47.970001,48.369999
1/18/2016,S01,49.040001,3778500,48.34,48.470001,48.98
1/19/2016,S01,49.369999,12560600,48.650002,49,48.75
1/22/2016,S01,48.75,5756500,48.259998,48.689999,48.66
1/23/2016,S01,48.959999,5646900,48.32,48.32,48.66
1/24/2016,S01,48.950001,5125600,48.560001,48.66,48.810001
1/25/2016,S01,48.84,5297300,48.060001,48.740002,48.139999
1/26/2016,S01,48.470001,3601700,48.040001,48.18,48.330002
1/29/2016,S01,48.470001,3160800,47.91,48.009998,48.259998
1/30/2016,S01,48.529999,6431700,47.549999,48.200001,47.689999
1/31/2016,S01,47.720001,7854600,46.82,47.509998,46.880001
2/1/2016,S01,47.07,5616100,46.130001,46.77,46.84
2/2/2016,S01,47.400002,5889900,46.619999,47,46.82
2/5/2016,S01,47.25,4733500,46.310001,46.970001,46.630001
2/6/2016,S01,46.52,8099700,45.900002,46.369999,46.009998
2/7/2016,S01,47.110001,8036300,45.700001,46.169998,46.939999
2/8/2016,S01,47.040001,8886100,45.98,46.709999,46.02
2/9/2016,S01,44.299999,33229600,41.57,44.299999,42.740002
2/12/2016,S01,43.150002,15196200,41.470001,42.57,41.93
2/13/2016,S01,43.049999,9357400,42.119999,42.610001,42.310001
2/14/2016,S01,43.130001,14593100,41.700001,41.740002,42.759998
2/15/2016,S01,43.900002,11352100,42.040001,42.040001,43.59
2/16/2016,S01,44.619999,12992200,43.580002,43.950001,43.669998
2/19/2016,S01,44.5,9502200,43.189999,43.490002,44.41
2/20/2016,S01,46.84,15036700,45.080002,45.540001,46.77
2/21/2016,S01,47.68,11651100,46.59,47.41,46.619999
2/22/2016,S01,47.43,7005900,46.84,47.18,47
2/23/2016,S01,47.630001,5606900,46.77,47.130001,47.57
2/26/2016,S01,48.060001,7576300,47.130001,47.639999,47.950001
2/27/2016,S01,48.5,6328700,47.84,48.099998,48.5
2/28/2016,S01,48.560001,8163900,47.990002,48.130001,48.330002
2/29/2016,S01,48.32,11485300,46.880001,48.139999,47.529999
3/1/2016,S01,50.209999,14551100,48.75,49.150002,49.66
3/4/2016,S01,50.299999,6921500,49.549999,49.650002,50.080002
3/5/2016,S01,50.459999,6285500,49.75,49.970001,50.400002
3/6/2016,S01,51.18,5302600,50.27,50.48,51.130001
3/7/2016,S01,51.349998,6300700,50.560001,51.049999,50.91
3/8/2016,S01,51.169998,4927500,50.580002,51.099998,50.900002
3/11/2016,S01,51.630001,4528100,50.849998,50.900002,51.560001
3/12/2016,S01,51.799999,4269300,51.130001,51.799999,51.32
3/13/2016,S01,51.450001,4093000,50.75,51.32,51.279999
3/14/2016,S01,51.689999,4411200,50.93,51.150002,51.18
3/15/2016,S01,51.650002,3575000,50.880001,50.880001,51.630001
3/18/2016,S01,51.619999,3218800,51.080002,51.549999,51.549999
3/19/2016,S01,52.080002,4627300,51.349998,51.549999,51.84
3/20/2016,S01,51.959999,6590400,51.349998,51.799999,51.939999
3/21/2016,S01,52.259998,4759900,51.5,51.75,52.23
3/22/2016,S01,52.98,5287300,52.040001,52.639999,52.560001
3/25/2016,S01,53.119999,3441800,52.450001,53,52.849998
3/26/2016,S01,53.040001,5329000,52.32,52.849998,52.439999
3/27/2016,S01,54.349998,7216700,52.509998,52.529999,54.330002
3/29/2016,S01,54.740002,3628600,54.259998,54.549999,54.419998
4/1/2016,S01,54.470001,5849800,53.619999,54.27,54.25
4/2/2016,S01,54.650002,4051100,54.029999,54.330002,54.560001
4/3/2016,S01,55.68,5493600,54.549999,54.860001,55.619999
4/4/2016,S01,55.779999,4114100,55.16,55.299999,55.41
4/5/2016,S01,55.720001,3923500,55.240002,55.650002,55.580002
4/8/2016,S01,56,5914100,54.810001,55.139999,55.080002
4/9/2016,S01,55.41,8379200,54.310001,54.540001,55.009998
4/10/2016,S01,55.200001,5838100,54.029999,54.919998,54.099998
4/11/2016,S01,54.860001,6517300,54.150002,54.290001,54.490002
4/12/2016,S01,54.599998,8428000,52.950001,53.939999,53.110001
4/15/2016,S01,53.990002,7483900,52.779999,53.639999,53.07
4/16/2016,S01,53.759998,7171500,52.419998,53,52.470001
4/17/2016,S01,53.669998,8881400,51.959999,52.450001,53.5
4/18/2016,S01,54.529999,8119900,54,54.509998,54.470001
4/19/2016,S01,54.950001,10583500,54.02,54.950001,54.23
4/22/2016,S01,54.950001,4359900,54.330002,54.490002,54.82
4/23/2016,S01,55.34,3507600,54.73,54.959999,54.779999
4/24/2016,S01,55.09,1442900,54.84,54.990002,54.860001
4/26/2016,S01,55.02,1838700,54.700001,54.91,54.75
4/29/2016,S01,54.810001,2381000,54.380001,54.700001,54.459999
4/30/2016,S01,54.369999,2626900,53.91,54.369999,53.93
5/1/2016,S01,54.25,4068600,53.439999,54.200001,53.470001
5/3/2016,S01,54.080002,4020100,53.009998,53.560001,53.48
5/6/2016,S01,53.490002,5599300,52.599998,53.189999,52.650002
5/7/2016,S01,53.02,5468400,51.720001,52.889999,51.779999
5/8/2016,S01,52.869999,4577100,51.790001,52.009998,52.709999
5/9/2016,S01,53.950001,6295200,53.009998,53.130001,53.57
5/10/2016,S01,53.98,3913700,53.09,53.48,53.599998
5/13/2016,S01,53.75,4282500,52.900002,53.740002,53.119999
5/14/2016,S01,54.279999,5013900,52.459999,53.57,52.790001
5/15/2016,S01,53.310001,5127000,52.240002,52.549999,52.709999
5/16/2016,S01,53.240002,5796300,52.200001,52.91,52.389999
5/17/2016,S01,53.419998,4988700,52.119999,52.48,53.290001
5/21/2016,S01,54.150002,7213400,53.189999,53.490002,53.810001
5/22/2016,S01,54.470001,5468900,53.200001,53.299999,54.279999
5/23/2016,S01,54.98,5484200,53.34,54.32,54.970001
5/24/2016,S01,55.290001,4856500,54.540001,54.959999,55.060001
5/27/2016,S01,55.299999,6137000,54.360001,54.700001,55.049999
5/28/2016,S01,55.459999,8532600,54.209999,54.529999,54.830002
5/29/2016,S01,55.25,7393500,53.849998,54.75,53.939999
5/30/2016,S01,54.860001,5044900,53.41,53.720001,54.669998
5/31/2016,S01,54.599998,12515800,53.349998,53.98,53.450001
6/3/2016,S01,53.759998,8385600,52.41,53.5,53.490002
6/4/2016,S01,54.48,6017400,53.610001,53.709999,54.439999
6/5/2016,S01,54.900002,7962500,54.009998,54.009998,54.619999
6/6/2016,S01,55.34,5060000,54.48,54.639999,55.310001
6/7/2016,S01,55.450001,7715900,54.27,55.290001,54.360001
6/10/2016,S01,54.759998,5146400,54.029999,54.310001,54.27
6/11/2016,S01,55.869999,5654400,54.57,54.75,55.82
6/12/2016,S01,56.23,4956100,55.5,55.639999,56
6/13/2016,S01,57.5,7069500,56.299999,56.490002,57.439999
6/14/2016,S01,57.98,5330900,57.209999,57.599998,57.970001
6/18/2016,S01,58.459999,7962600,57.549999,57.669998,58.200001
6/19/2016,S01,58.139999,3276500,57.599998,57.799999,57.939999
6/20/2016,S01,58.189999,2422300,57.740002,57.889999,58.040001
6/21/2016,S01,58.540001,3630300,57.59,58.040001,58.52
6/24/2016,S01,58.490002,3053400,57.91,58.459999,58.27
6/25/2016,S01,59.009998,4426900,58,58.09,58.959999
6/26/2016,S01,59.290001,3921100,58.75,58.919998,59.099998
6/27/2016,S01,59.490002,5274000,58.91,59.27,59.419998
6/28/2016,S01,59.490002,6494900,58.720001,59.490002,58.799999
7/1/2016,S01,59.990002,4572500,58.959999,59.07,59.939999
7/2/2016,S01,59.810001,6088200,58.5,59.799999,58.57
7/3/2016,S01,58.669998,4473900,57.860001,58.52,58.32
7/4/2016,S01,58.790001,3685800,58.02,58.299999,58.34
7/5/2016,S01,58.310001,4476900,57.450001,58.200001,57.639999
7/8/2016,S01,58.630001,4034000,57.610001,57.759998,58.419998
7/9/2016,S01,58.169998,5721900,57.07,57.849998,57.099998
7/10/2016,S01,57.77,3151500,57.119999,57.43,57.169998
7/11/2016,S01,57.34,3707900,56.349998,56.5,57.220001
7/12/2016,S01,57.5,4805400,56.610001,57.389999,57.119999
7/15/2016,S01,58.439999,5162700,57.380001,57.490002,58.330002
7/16/2016,S01,58.23,3261200,57.48,58.189999,57.970001
7/17/2016,S01,58.689999,6239000,56.93,58.169998,58.299999
7/18/2016,S01,58.73,3411400,58.09,58.349998,58.529999
7/19/2016,S01,59.529999,9150800,58.73,58.900002,59.279999
7/22/2016,S01,59.259998,3807300,58.630001,59.18,58.66
7/23/2016,S01,59.02,3665700,58.41,58.790001,58.439999
7/24/2016,S01,58.599998,11204000,55.73,58.41,55.73
7/25/2016,S01,56.25,6830800,54.619999,55.09,55.799999
7/26/2016,S01,57.18,5144300,55.560001,55.77,56.759998
7/29/2016,S01,58.119999,5336100,56.84,57.099998,58
7/30/2016,S01,57.91,4905300,57.080002,57.740002,57.189999
7/31/2016,S01,57.23,5322900,56.23,57.049999,56.540001
8/1/2016,S01,57.200001,3545900,56.419998,56.68,56.720001
8/5/2016,S01,57.150002,3120500,55.860001,56.189999,56.810001
8/6/2016,S01,57.43,3259600,56.57,56.689999,56.939999
8/7/2016,S01,57.290001,4142200,56.560001,56.799999,56.970001
8/8/2016,S01,57.84,4362200,56.529999,56.720001,57.779999
8/9/2016,S01,57.849998,3410800,57.540001,57.830002,57.700001
8/12/2016,S01,57.990002,3004400,57.189999,57.82,57.209999
8/13/2016,S01,57.41,3875100,56.580002,57.150002,56.75
8/14/2016,S01,58.689999,6654600,56.990002,57.110001,58.5
8/15/2016,S01,58.580002,4058800,58.080002,58.139999,58.41
8/16/2016,S01,58.200001,5231200,57.200001,57.84,57.330002
8/19/2016,S01,58.529999,3220400,57.599998,57.599998,58.169998
8/20/2016,S01,58.869999,2853700,58.029999,58.869999,58.16
8/21/2016,S01,58.860001,4473500,57.970001,58.540001,58.73
8/22/2016,S01,54.93,22987500,53.93,54.299999,54.720001
8/23/2016,S01,54.830002,10533600,54.130001,54.68,54.73
8/26/2016,S01,56.299999,8397300,55.09,55.32,55.560001
8/27/2016,S01,55.52,6729300,54.639999,55.310001,55.09
8/28/2016,S01,55.32,5276300,54.369999,54.669998,55.02
8/29/2016,S01,55.150002,6756900,53.919998,54.91,54.209999
8/30/2016,S01,55.43,5726700,54.419998,54.709999,55.310001
9/2/2016,S01,55.610001,4060500,55.009998,55.299999,55.299999
9/3/2016,S01,55.029999,7970100,53.849998,54.970001,54.009998
9/4/2016,S01,54.549999,7737300,53.34,54.130001,53.700001
9/5/2016,S01,54.400002,5846600,53.82,53.970001,54.060001
9/6/2016,S01,55.169998,4814600,54.34,54.5,54.700001
9/9/2016,S01,54.75,4204100,54.310001,54.619999,54.439999
9/10/2016,S01,54.59,4315500,53.75,54.200001,54.169998
9/11/2016,S01,54.959999,4332600,54.130001,54.16,54.689999
9/12/2016,S01,55.860001,4109300,55,55.119999,55.610001
9/13/2016,S01,56,4165300,55.27,55.900002,55.610001
9/16/2016,S01,55.900002,3861300,55.279999,55.509998,55.790001
9/17/2016,S01,56.130001,4848500,55.57,55.889999,55.779999
9/18/2016,S01,56.27,4179300,55.560001,55.810001,55.630001
9/19/2016,S01,56,4260800,55.259998,55.509998,55.5
9/20/2016,S01,55.599998,5419700,55.23,55.23,55.369999
9/24/2016,S01,55.25,5312000,54.200001,55.25,54.560001
9/25/2016,S01,56.23,7278200,54.59,54.709999,55.970001
9/26/2016,S01,56.400002,6851200,55.720001,55.959999,55.91
9/27/2016,S01,56.34,5928700,55.57,56.02,55.919998
9/30/2016,S01,56.34,4576000,55.419998,55.700001,55.709999
10/1/2016,S01,55.599998,4630100,54.880001,55.419998,55.25
10/2/2016,S01,55.580002,3656600,54.82,55.459999,54.889999
10/3/2016,S01,54.880001,6640700,53.830002,54.66,53.98
10/4/2016,S01,54.259998,3650400,53.580002,53.98,53.790001
10/7/2016,S01,53.720001,4795400,52.709999,53.669998,52.82
10/8/2016,S01,53.290001,4414300,52.439999,52.84,52.919998
10/9/2016,S01,54.389999,6930600,52.919998,53.139999,54.189999
10/10/2016,S01,54.259998,4711200,53.57,54.169998,53.639999
10/11/2016,S01,53.509998,4174100,52.990002,53.349998,53.009998
10/14/2016,S01,53.110001,4895300,52.32,52.450001,53.049999
10/15/2016,S01,53.200001,2702200,52.66,52.91,53.09
10/16/2016,S01,53.529999,3465700,52.869999,53.310001,53.290001
10/17/2016,S01,54.369999,5911000,53.34,53.48,54.220001
10/18/2016,S01,54.59,9948600,53.540001,54.25,54.509998
10/21/2016,S01,55.52,9503400,54.619999,54.619999,55.5
10/22/2016,S01,55.599998,5055800,54.709999,55.310001,54.830002
10/23/2016,S01,54.810001,4203500,53.93,54.650002,53.990002
10/24/2016,S01,54.419998,3759600,53.740002,54.23,53.799999
10/25/2016,S01,53.75,7860300,52.43,53.389999,52.900002
10/28/2016,S01,52.66,6566400,51.470001,52.560001,51.52
10/29/2016,S01,51.990002,5260600,51.299999,51.98,51.509998
10/30/2016,S01,52.310001,9820200,51.759998,52.150002,51.91
10/31/2016,S01,52.240002,3642400,51.77,52.189999,51.970001
11/4/2016,S01,52.009998,4251200,51.060001,51.450001,51.389999
11/5/2016,S01,51.459999,8205800,49.98,51.310001,51.209999
11/6/2016,S01,50.689999,11806400,49.459999,50.619999,49.529999
11/7/2016,S01,50.400002,22607000,48.09,50.049999,48.110001
11/8/2016,S01,49.27,8448900,48.599998,48.93,49.009998
11/11/2016,S01,49.549999,4937600,49,49.200001,49.330002
11/12/2016,S01,50,6500100,49.310001,49.389999,49.759998
11/13/2016,S01,49.799999,5461600,49.150002,49.23,49.490002
11/14/2016,S01,49.650002,7401200,48.779999,49.48,49.360001
11/15/2016,S01,49.450001,7021300,48.77,49.27,49.360001
11/18/2016,S01,51.060001,8876900,49.830002,51.060001,50.09
11/19/2016,S01,51.080002,10632900,49.900002,50.029999,50.23
11/20/2016,S01,49.639999,15381500,48,48.299999,49.299999
11/21/2016,S01,51.259998,13271800,49.59,49.84,50.509998
11/22/2016,S01,50.560001,10960300,48.880001,50.48,49.029999
11/25/2016,S01,49.360001,9394200,48.470001,48.880001,49.029999
11/26/2016,S01,50.57,7636600,48.849998,49.150002,50.080002
11/27/2016,S01,50.200001,6855300,49.18,49.720001,49.959999
11/28/2016,S01,50.43,5629400,49.5,49.59,50.240002
11/29/2016,S01,50.380001,7466900,49.810001,50.380001,49.98
12/2/2016,S01,50.240002,5325800,49.700001,50.080002,50.09
12/3/2016,S01,50.369999,5746600,49.380001,50.18,49.84
12/4/2016,S01,51.119999,7238800,50.07,50.110001,50.860001
12/5/2016,S01,50.91,6055900,49.84,50.759998,50.25
12/6/2016,S01,50.380001,5324400,49.66,49.830002,50.32
12/9/2016,S01,52.450001,10496600,51.049999,52.240002,52.080002
12/10/2016,S01,51.549999,8013000,50.34,51.540001,50.639999
12/11/2016,S01,51.360001,7268100,49.799999,50.189999,51.110001
12/12/2016,S01,51.310001,4007500,50.529999,51.16,50.630001
12/13/2016,S01,50.84,4536700,50.060001,50.5,50.639999
12/16/2016,S01,51.029999,3364000,50.18,50.450001,50.900002
12/17/2016,S01,50.77,6978500,49.669998,50.459999,49.91
12/18/2016,S01,50.150002,6405000,49.049999,50.130001,49.200001
12/19/2016,S01,48.779999,10206500,47.369999,48.650002,47.43
12/20/2016,S01,47.630001,12109500,45.959999,46.959999,45.959999
12/23/2016,S01,47.040001,15487000,43.75,45.02,44.889999
12/24/2016,S01,46.32,14458300,43.490002,46.02,43.52
12/25/2016,S01,45.470001,19075800,43.75,44.830002,45.41
12/26/2016,S01,47.150002,9822000,45.5,45.779999,47.060001
12/27/2016,S01,48,8242700,46.5,46.84,47.990002
12/30/2016,S01,48.439999,10145900,47.310001,47.75,47.84
12/31/2016,S01,47.57,13136100,46.009998,46.400002,46.34
1/1/2017,S01,47.349998,6012600,46.41,47.240002,47.349998
1/2/2017,S01,48.02,5289100,47.279999,47.669998,47.459999
1/3/2017,S01,47.189999,6603400,46.41,46.689999,46.529999
1/7/2017,S01,48.759998,7993000,47.540001,47.630001,48.689999
1/8/2017,S01,49.630001,8250100,47.470001,49.02,47.610001
1/9/2017,S01,47.959999,8543100,46.900002,47.360001,47.41
1/10/2017,S01,47.630001,6567300,46.82,47.200001,47.57
1/13/2017,S01,48,4750800,47.549999,47.869999,47.830002
1/14/2017,S01,48.740002,7104300,47.66,48,48.299999
1/15/2017,S01,48.77,4624500,47.799999,48.330002,48.700001
1/16/2017,S01,49.029999,5693500,48.09,48.630001,48.150002
1/17/2017,S01,48.639999,17206500,47.099998,47.75,47.799999
1/20/2017,S01,48.080002,6105200,47.049999,47.869999,47.450001
1/21/2017,S01,46.990002,6161600,46.279999,46.68,46.610001
1/22/2017,S01,46.799999,4335300,46.27,46.610001,46.580002
1/23/2017,S01,46.919998,8535000,45.330002,46.169998,46.75
1/24/2017,S01,47.549999,8924200,46.799999,47.02,47.169998
1/27/2017,S01,47.439999,10728200,46.880001,47.049999,46.950001
1/28/2017,S01,47.610001,7413600,46.790001,47.16,47.529999
1/29/2017,S01,49.549999,9120400,47.919998,48.09,49.52
1/30/2017,S01,49.869999,10007400,47.889999,49.84,48.439999
1/31/2017,S01,48.790001,8229700,47.119999,47.779999,48.77
2/3/2017,S01,50.41,6812500,49,49.130001,50.130001
2/4/2017,S01,50.639999,5737000,49.23,50.130001,50.459999
2/5/2017,S01,51.599998,7065300,50.310001,51,51.040001
2/6/2017,S01,51.540001,6431500,50.360001,50.68,51.52
2/7/2017,S01,51.759998,5720100,50.639999,51.349998,50.869999
2/10/2017,S01,51.419998,4075300,50.560001,50.73,51.34
2/11/2017,S01,51.419998,7162000,50.810001,50.990002,50.91
2/12/2017,S01,53.150002,10558500,51.029999,51.110001,52.650002
2/13/2017,S01,53.099998,7153400,52.310001,52.950001,52.43
2/14/2017,S01,52.66,5685300,52,52.290001,52.57
2/17/2017,S01,52.93,5701700,52.240002,52.560001,52.639999
2/18/2017,S01,52.599998,5650300,52.18,52.450001,52.43
2/19/2017,S01,53.18,8132900,51.810001,52.580002,51.900002
2/20/2017,S01,58.119999,21234200,55.740002,56.099998,58.09
2/21/2017,S01,59.669998,14490000,57.57,58.150002,58.98
2/24/2017,S01,59.23,7634500,58.400002,58.900002,58.810001
2/25/2017,S01,59.330002,8420500,58.220001,58.389999,58.419998
2/26/2017,S01,58.779999,14464600,57.189999,58.52,58.669998
2/27/2017,S01,57.830002,10108900,56.310001,57.740002,56.57
2/28/2017,S01,57,7503400,56.400002,56.990002,56.720001
3/3/2017,S01,57.189999,5492600,56.709999,56.900002,56.990002
3/4/2017,S01,57.43,4268400,56.810001,56.990002,57.150002
3/5/2017,S01,57.41,5096000,56.799999,57.209999,56.950001
3/6/2017,S01,57.740002,5768400,56.830002,57,57.400002
3/7/2017,S01,57.849998,6387000,56.700001,57.25,57.630001
3/10/2017,S01,57.650002,4478200,56.860001,57.23,57.209999
3/11/2017,S01,57.220001,5058700,56.380001,56.490002,57.029999
3/12/2017,S01,58.509998,6291800,57.040001,57.470001,57.599998
3/13/2017,S01,57.369999,4894800,56.66,57.139999,56.669998
3/14/2017,S01,57.119999,5741700,56.009998,56.669998,56.130001
3/17/2017,S01,56.889999,5995100,56,56.02,56.880001
3/18/2017,S01,57.48,4265800,56.75,56.900002,57.07
3/19/2017,S01,58.009998,4029700,56.880001,57.209999,57.959999
3/20/2017,S01,58.290001,4076200,57.5,58.099998,57.950001
3/21/2017,S01,58.349998,4252500,57.810001,58.349998,58.119999
3/24/2017,S01,58.25,4296800,57.310001,58.200001,57.349998
3/25/2017,S01,57.950001,4655300,56.860001,57.299999,57.849998
3/26/2017,S01,57.860001,3152600,57.23,57.849998,57.27
3/28/2017,S01,57.77,1509500,57.009998,57.279999,57.549999
3/31/2017,S01,58.34,5866600,57.5,57.619999,58.119999
4/1/2017,S01,58.849998,5016900,57.419998,57.470001,58.310001
4/2/2017,S01,58.330002,5151500,57.439999,58.200001,57.549999
4/3/2017,S01,58.220001,9691600,57.119999,57.970001,57.689999
4/4/2017,S01,58.959999,6414200,57.490002,57.52,58.880001
4/7/2017,S01,58.830002,3934500,58.110001,58.799999,58.349998
4/8/2017,S01,57.91,3670100,57.02,57.759998,57.669998
4/9/2017,S01,57.669998,4562000,56.290001,57.5,56.759998
4/10/2017,S01,57.470001,4303500,56.630001,56.98,56.93
4/11/2017,S01,56.759998,5251300,56.099998,56.139999,56.209999
4/14/2017,S01,56.720001,5082300,55.830002,56.450001,56.220001
4/15/2017,S01,57.939999,7602400,56.849998,57.299999,57.549999
4/16/2017,S01,58.259998,5920900,56.900002,58.259998,58.07
4/17/2017,S01,58.23,6944300,56.5,58.189999,56.529999
4/18/2017,S01,56.490002,12025700,54.799999,56.040001,54.939999
4/21/2017,S01,55.830002,4305600,54.93,55.349998,55.82
4/22/2017,S01,56.419998,4412800,55.209999,56.189999,55.610001
4/23/2017,S01,56.709999,5786200,55.169998,56.060001,56.700001
4/24/2017,S01,56.970001,1681200,56.529999,56.970001,56.75
4/28/2017,S01,56.669998,2930100,55.77,56.41,56.419998
4/29/2017,S01,57.439999,2753100,56.419998,56.75,57.02
4/30/2017,S01,57.18,3010200,56.09,57.02,56.16
5/1/2017,S01,56.299999,6414700,54.810001,56.049999,54.810001
5/5/2017,S01,54.34,7915400,53.369999,53.549999,54.34
5/6/2017,S01,54.470001,6131900,53.549999,54.27,53.77
5/7/2017,S01,53.889999,8520800,52.720001,52.950001,53.419998
5/8/2017,S01,52.950001,10526700,51.369999,52.389999,51.700001
5/9/2017,S01,51.98,9620000,50.240002,51.52,50.360001
5/12/2017,S01,51.5,7000500,50.48,50.830002,51.209999
5/13/2017,S01,51.84,5075800,50.830002,51.73,51.529999
5/14/2017,S01,51.810001,6882200,49.799999,51.52,49.82
5/15/2017,S01,50.669998,10440500,49.529999,49.98,50.029999
5/16/2017,S01,48.689999,15786800,46.73,47.889999,48.029999
5/20/2017,S01,48.93,9048800,47.810001,48.619999,48.220001
5/21/2017,S01,49.279999,13430800,47.400002,47.91,49.009998
5/22/2017,S01,50.860001,10093900,49.009998,49.66,49.830002
5/23/2017,S01,51.23,6335600,50.139999,50.84,50.299999
5/26/2017,S01,51.009998,7651300,50,50.349998,50.080002
5/27/2017,S01,51.060001,7710200,50.029999,50.380001,50.700001
5/28/2017,S01,51.57,9791200,49.970001,50.41,50.669998
5/29/2017,S01,52,10033300,50.389999,50.68,51.130001
5/30/2017,S01,52.939999,10469100,50.990002,51.32,52.93
6/2/2017,S01,53.27,6336700,52.299999,52.299999,52.830002
6/3/2017,S01,52.5,9460500,50.639999,52.119999,50.639999
6/4/2017,S01,50.709999,11309400,49.099998,50.150002,50.25
6/5/2017,S01,51.619999,9795800,50.009998,50.459999,51.259998
6/6/2017,S01,51.41,7929800,49.509998,51.200001,49.880001
6/9/2017,S01,51.23,15765600,49.099998,49.259998,50.900002
6/10/2017,S01,51.630001,7321700,50.09,50.529999,50.68
6/11/2017,S01,,7329600,,,
6/12/2017,S01,,6121400,,,
6/13/2017,S01,51.400002,8060600,49.990002,51.060001,51.139999
6/17/2017,S01,52.77,6567400,51.139999,51.139999,52.540001
6/18/2017,S01,53.720001,6244700,52.73,52.959999,53.689999
6/19/2017,S01,53.82,6004200,53,53.639999,53.060001
6/20/2017,S01,52.939999,6300700,52.41,52.830002,52.759998
6/23/2017,S01,53.580002,4350900,53.049999,53.290001,53.299999
6/24/2017,S01,53.369999,3888500,52.119999,53.029999,52.240002
6/25/2017,S01,52.580002,5341500,51.310001,51.830002,52.459999
6/26/2017,S01,53.110001,3917500,51.860001,52.810001,53.110001
6/27/2017,S01,53.5,3533100,53.110001,53.490002,53.299999
6/30/2017,S01,53.830002,4450400,52.970001,53.400002,53.02
7/1/2017,S01,54.220001,4958800,53,53.470001,54.220001
7/2/2017,S01,54.630001,4163600,53.98,54.34,54.419998
7/3/2017,S01,54.93,4045900,54.07,54.59,54.869999
7/4/2017,S01,55.27,4248100,54.400002,55,54.889999
7/7/2017,S01,55.540001,3747600,54.490002,54.540001,55.490002
7/8/2017,S01,55.150002,4480600,54.419998,54.990002,54.529999
7/9/2017,S01,55.139999,3641700,54.540001,54.700001,54.75
7/10/2017,S01,55.639999,4838400,54.619999,55.450001,55.490002
7/11/2017,S01,56.209999,5031600,55.75,55.93,56.060001
7/14/2017,S01,56,3477200,55.259998,55.799999,55.610001
7/15/2017,S01,55.740002,3407500,55.07,55.419998,55.73
7/16/2017,S01,56.279999,3449900,55.349998,55.700001,56.139999
7/17/2017,S01,56.810001,4530500,55.919998,55.93,56.599998
7/18/2017,S01,57.25,7924900,56.52,56.790001,57.09
7/21/2017,S01,57.060001,3085500,56.380001,56.900002,57.02
7/22/2017,S01,57.200001,3514900,56.52,56.740002,56.900002
7/23/2017,S01,56.990002,3220900,56.549999,56.970001,56.599998
7/24/2017,S01,56.73,2279600,56.189999,56.490002,56.700001
7/28/2017,S01,57.150002,2240400,56.34,57.049999,56.52
7/29/2017,S01,57.509998,4013800,56.080002,56.459999,57.41
7/30/2017,S01,58.779999,5026700,57.580002,57.73,58.369999
7/31/2017,S01,58.209999,5410400,57.369999,58.119999,57.419998
8/1/2017,S01,58,4542600,57.130001,57.490002,57.939999
8/4/2017,S01,58,3423700,57.560001,57.790001,57.720001
8/5/2017,S01,58.279999,4455900,57.380001,57.549999,57.709999
8/6/2017,S01,58.369999,3684300,57.25,57.59,58.360001
8/7/2017,S01,58.080002,4228600,56.98,57.84,57.150002
8/8/2017,S01,58.080002,3211100,57.57,57.57,57.889999
8/11/2017,S01,58.639999,3663600,57.790001,57.900002,57.82
8/12/2017,S01,58.669998,4476600,57.43,57.82,58.439999
8/13/2017,S01,59.259998,5053400,58.419998,58.720001,59.169998
8/14/2017,S01,59.27,4920100,58.130001,58.77,59.220001
8/15/2017,S01,59.470001,4690300,58.759998,59.470001,58.93
8/18/2017,S01,59.07,4426800,58.619999,58.639999,58.950001
8/19/2017,S01,59.310001,6246800,57.77,58.869999,58.419998
8/20/2017,S01,59.470001,4673400,58.110001,58.59,59.049999
8/21/2017,S01,59.130001,3376700,58.549999,58.889999,58.860001
8/22/2017,S01,59.599998,5359900,58.439999,58.810001,58.68
8/25/2017,S01,59.130001,4670200,58.619999,58.709999,59.02
8/26/2017,S01,59.93,3928800,59.07,59.150002,59.400002
8/27/2017,S01,60,7123900,58.759998,59.029999,59.919998
8/28/2017,S01,60.599998,9417800,58.490002,60,58.689999
8/29/2017,S01,58.200001,10774700,56.830002,57.709999,57.040001
9/1/2017,S01,57.959999,6464200,56.950001,57.299999,57.849998
9/2/2017,S01,57.59,5640500,57,57.220001,57.200001
9/3/2017,S01,57.200001,5081900,56.330002,56.950001,56.43
9/4/2017,S01,57.09,4078200,56.34,56.529999,56.639999
9/5/2017,S01,57.299999,8028600,56.189999,56.240002,57.200001
9/8/2017,S01,57.529999,3773500,56.880001,57.169998,56.91
9/9/2017,S01,57.66,4545600,56.790001,57.119999,57.630001
9/10/2017,S01,58.169998,4494200,57.450001,57.619999,57.630001
9/11/2017,S01,58,5183200,56.580002,57.790001,57.16
9/12/2017,S01,57.599998,4062800,56.98,57.080002,57.119999
9/15/2017,S01,58.509998,4265300,57.27,57.459999,58.02
9/16/2017,S01,58.150002,4713900,57.169998,57.740002,57.43
9/17/2017,S01,58.509998,4676900,57.18,57.23,58.009998
9/18/2017,S01,57.880001,4326500,56.790001,57.540001,57.23
9/19/2017,S01,58.830002,6337000,,,
9/22/2017,S01,59.279999,3690900,,,
9/23/2017,S01,60.18,4544700,58.98,58.990002,60.09
9/24/2017,S01,60.509998,5785100,59.970001,60.150002,60.439999
9/25/2017,S01,60.82,3367000,60.150002,60.349998,60.77
9/26/2017,S01,61.080002,3806100,60.650002,60.82,61.02
9/30/2017,S01,61.209999,6196400,60.290001,61.02,60.599998
10/1/2017,S01,61.240002,4011100,60.209999,60.509998,61.07
10/2/2017,S01,60.93,3583300,60.43,60.84,60.759998
10/3/2017,S01,61.169998,2739300,60.150002,61.169998,60.529999
10/6/2017,S01,61.470001,8259200,60.549999,60.68,61.290001
10/7/2017,S01,61.77,5021200,61.400002,61.5,61.560001
10/8/2017,S01,62.290001,4749700,61.59,61.599998,62.080002
10/9/2017,S01,62.290001,5285600,61.509998,62.290001,62.139999
10/10/2017,S01,62.18,7484700,61.32,61.41,61.91
10/13/2017,S01,62.310001,6697300,61.41,61.799999,61.529999
10/14/2017,S01,,,,,
10/15/2017,S01,,,,,
10/16/2017,S01,,,,,
10/17/2017,S01,,,,,
10/20/2017,S01,,,,,
10/21/2017,S01,,,,,
10/22/2017,S01,,,,,
10/23/2017,S01,,,,,
10/24/2017,S01,,,,,
10/27/2017,S01,,,,,
10/28/2017,S01,,,,,
10/29/2017,S01,,,,,
10/30/2017,S01,,,,,
10/31/2017,S01,,,,,
11/4/2017,S01,,,,,
11/5/2017,S01,,,,,
11/6/2017,S01,,,,,
11/7/2017,S01,,,,,
11/10/2017,S01,,,,,
11/11/2017,S01,,,,,
11/12/2017,S01,,,,,
11/13/2017,S01,,,,,
11/14/2017,S01,,,,,
11/17/2017,S01,,,,,
11/18/2017,S01,,,,,
11/19/2017,S01,,,,,
11/20/2017,S01,,,,,
11/21/2017,S01,,,,,
11/24/2017,S01,,,,,
11/25/2017,S01,,,,,
11/26/2017,S01,,,,,
11/27/2017,S01,,,,,
11/28/2017,S01,,,,,
12/1/2017,S01,,,,,
12/2/2017,S01,,,,,
12/3/2017,S01,,,,,
12/4/2017,S01,,,,,
12/5/2017,S01,,,,,
12/8/2017,S01,,,,,
12/9/2017,S01,,,,,
12/10/2017,S01,,,,,
12/11/2017,S01,,,,,
12/12/2017,S01,,,,,
12/15/2017,S01,,,,,
12/16/2017,S01,,,,,
12/17/2017,S01,,,,,
12/18/2017,S01,,,,,
12/19/2017,S01,,,,,
12/22/2017,S01,,,,,
12/23/2017,S01,,,,,
12/24/2017,S01,,,,,
12/25/2017,S01,,,,,
12/26/2017,S01,,,,,
12/29/2017,S01,,,,,
12/30/2017,S01,,,,,
12/31/2017,S01,,,,,
1/1/2018,S01,,,,,
1/2/2018,S01,,,,,
1/6/2018,S01,,,,,
1/7/2018,S01,,,,,
1/8/2018,S01,,,,,
1/9/2018,S01,,,,,
1/12/2018,S01,,,,,
1/13/2018,S01,,,,,
1/14/2018,S01,,,,,
1/15/2018,S01,,,,,
1/16/2018,S01,,,,,
1/19/2018,S01,,,,,
1/20/2018,S01,,,,,
1/21/2018,S01,,,,,
1/22/2018,S01,,,,,
1/23/2018,S01,,,,,
1/26/2018,S01,,,,,
1/27/2018,S01,,,,,
1/28/2018,S01,,,,,
1/29/2018,S01,,,,,
1/30/2018,S01,,,,,
2/2/2018,S01,,,,,
2/3/2018,S01,,,,,
2/4/2018,S01,,,,,
2/5/2018,S01,,,,,
2/6/2018,S01,,,,,
2/9/2018,S01,,,,,
2/10/2018,S01,,,,,
2/11/2018,S01,,,,,
2/12/2018,S01,,,,,
2/13/2018,S01,,,,,
2/16/2018,S01,,,,,
2/17/2018,S01,,,,,
2/18/2018,S01,,,,,
2/19/2018,S01,,,,,
2/20/2018,S01,,,,,
2/23/2018,S01,,,,,
2/24/2018,S01,,,,,
2/25/2018,S01,,,,,
2/26/2018,S01,,,,,
2/27/2018,S01,,,,,
3/2/2018,S01,,,,,
3/3/2018,S01,,,,,
3/4/2018,S01,,,,,
3/5/2018,S01,,,,,
3/6/2018,S01,,,,,
3/9/2018,S01,,,,,
3/10/2018,S01,,,,,
3/11/2018,S01,,,,,
3/12/2018,S01,,,,,
3/13/2018,S01,,,,,
3/16/2018,S01,,,,,
3/17/2018,S01,,,,,
3/18/2018,S01,,,,,
3/19/2018,S01,,,,,
3/20/2018,S01,,,,,
3/23/2018,S01,,,,,
3/24/2018,S01,,,,,
3/25/2018,S01,,,,,
3/27/2018,S01,,,,,
3/30/2018,S01,,,,,
3/31/2018,S01,,,,,
4/1/2018,S01,,,,,
4/2/2018,S01,,,,,
4/3/2018,S01,,,,,
4/6/2018,S01,,,,,
4/7/2018,S01,,,,,
4/8/2018,S01,,,,,
4/9/2018,S01,,,,,
4/10/2018,S01,,,,,
4/13/2018,S01,,,,,
4/14/2018,S01,,,,,
4/15/2018,S01,,,,,
4/16/2018,S01,,,,,
4/17/2018,S01,,,,,
4/20/2018,S01,,,,,
4/21/2018,S01,,,,,
4/22/2018,S01,,,,,
4/23/2018,S01,,,,,
4/24/2018,S01,,,,,
4/28/2018,S01,,,,,
4/29/2018,S01,,,,,
4/30/2018,S01,,,,,
5/1/2018,S01,,,,,
